-- phpMyAdmin SQL Dump
-- version 4.8.3
-- https://www.phpmyadmin.net/
--
-- Host: localhost:3306
-- Generation Time: 2019 年 2 月 07 日 13:33
-- サーバのバージョン： 5.7.23
-- PHP Version: 7.2.10

SET SQL_MODE = "NO_AUTO_VALUE_ON_ZERO";
SET time_zone = "+00:00";


/*!40101 SET @OLD_CHARACTER_SET_CLIENT=@@CHARACTER_SET_CLIENT */;
/*!40101 SET @OLD_CHARACTER_SET_RESULTS=@@CHARACTER_SET_RESULTS */;
/*!40101 SET @OLD_COLLATION_CONNECTION=@@COLLATION_CONNECTION */;
/*!40101 SET NAMES utf8mb4 */;

--
-- Database: `gs_f02_db29`
--

-- --------------------------------------------------------

--
-- テーブルの構造 `bookmarks`
--

CREATE TABLE `bookmarks` (
  `id` int(11) NOT NULL,
  `user_id` bigint(20) NOT NULL,
  `movinid` varchar(255) NOT NULL,
  `name` varchar(100) NOT NULL,
  `description` text NOT NULL,
  `type` tinyint(4) NOT NULL,
  `created` datetime DEFAULT NULL,
  `modified` datetime DEFAULT NULL
) ENGINE=InnoDB DEFAULT CHARSET=utf8;

--
-- テーブルのデータのダンプ `bookmarks`
--

INSERT INTO `bookmarks` (`id`, `user_id`, `movinid`, `name`, `description`, `type`, `created`, `modified`) VALUES
(7, 4, 'alexis', 'video1', '', 1, '2014-11-16 06:19:13', '2014-11-16 06:19:13'),
(8, 4, 'alexis', 'video1', '', 2, '2014-11-16 06:21:21', '2014-11-16 06:21:21'),
(9, 4, 'alexis', 'video1', '', 1, '2014-11-16 06:35:57', '2014-11-16 06:35:57'),
(10, 4, 'alexis', 'video1', '', 1, '2014-11-16 06:36:03', '2014-11-16 06:36:03'),
(11, 4, 'alexis', 'video1', '', 1, '2014-12-20 04:27:43', '2014-12-20 04:27:43'),
(12, 4, 'alexis', 'video1', '', 1, '2014-12-20 04:30:19', '2014-12-20 04:30:19');

-- --------------------------------------------------------

--
-- テーブルの構造 `bookmark_items`
--

CREATE TABLE `bookmark_items` (
  `id` int(11) NOT NULL,
  `user_id` bigint(20) NOT NULL,
  `bookmark_id` bigint(20) NOT NULL,
  `name` varchar(100) NOT NULL,
  `description` text NOT NULL,
  `created` datetime DEFAULT NULL,
  `modified` datetime DEFAULT NULL
) ENGINE=InnoDB DEFAULT CHARSET=utf8;

-- --------------------------------------------------------

--
-- テーブルの構造 `followers`
--

CREATE TABLE `followers` (
  `id` int(11) NOT NULL,
  `user_id` bigint(20) NOT NULL,
  `follow_user` varchar(100) NOT NULL,
  `name` varchar(100) NOT NULL,
  `description` text NOT NULL,
  `created` datetime DEFAULT NULL,
  `modified` datetime DEFAULT NULL
) ENGINE=InnoDB DEFAULT CHARSET=utf8;

-- --------------------------------------------------------

--
-- テーブルの構造 `gs_bm_table`
--

CREATE TABLE `gs_bm_table` (
  `id` int(12) NOT NULL,
  `name` varchar(64) COLLATE utf8_unicode_ci NOT NULL,
  `url` text COLLATE utf8_unicode_ci NOT NULL,
  `comment` text COLLATE utf8_unicode_ci NOT NULL,
  `indate` datetime NOT NULL
) ENGINE=InnoDB DEFAULT CHARSET=utf8 COLLATE=utf8_unicode_ci;

--
-- テーブルのデータのダンプ `gs_bm_table`
--

INSERT INTO `gs_bm_table` (`id`, `name`, `url`, `comment`, `indate`) VALUES
(1, '課題', 'テスト', '難しい', '2019-02-02 17:45:00'),
(2, 'プログラミング', '2019-02-03', '難しい', '2019-02-03 19:46:49'),
(3, 'プログラミング2', '2019-02-03', '難しい', '2019-02-03 19:54:23'),
(4, 'プログラミング', '2019-02-28', 'テスト', '2019-02-03 20:57:40');

-- --------------------------------------------------------

--
-- テーブルの構造 `items`
--

CREATE TABLE `items` (
  `id` int(11) NOT NULL,
  `user_id` bigint(20) NOT NULL,
  `store_id` varchar(100) NOT NULL,
  `name` varchar(100) NOT NULL,
  `description` text NOT NULL,
  `created` datetime DEFAULT NULL,
  `modified` datetime DEFAULT NULL
) ENGINE=InnoDB DEFAULT CHARSET=utf8;

-- --------------------------------------------------------

--
-- テーブルの構造 `keywords`
--

CREATE TABLE `keywords` (
  `id` int(11) NOT NULL,
  `user_id` bigint(20) NOT NULL,
  `name` varchar(100) NOT NULL,
  `description` text NOT NULL,
  `created` datetime DEFAULT NULL,
  `modified` datetime DEFAULT NULL
) ENGINE=InnoDB DEFAULT CHARSET=utf8;

--
-- テーブルのデータのダンプ `keywords`
--

INSERT INTO `keywords` (`id`, `user_id`, `name`, `description`, `created`, `modified`) VALUES
(1, 4, 'naxis', '', '2014-12-20 07:48:13', '2014-12-20 07:48:13'),
(2, 4, 'naxis', '', '2014-12-20 07:49:38', '2014-12-20 07:49:38'),
(3, 4, 'naxis', '', '2014-12-20 07:49:42', '2014-12-20 07:49:42'),
(4, 4, 'naxis', '', '2014-12-20 12:46:12', '2014-12-20 12:46:12'),
(5, 4, 'naxis', '', '2014-12-21 05:09:47', '2014-12-21 05:09:47'),
(6, 4, 'naxis', '', '2014-12-21 05:22:01', '2014-12-21 05:22:01'),
(7, 4, 'naxis', '', '2014-12-21 05:22:04', '2014-12-21 05:22:04'),
(8, 4, 'naxis', '', '2014-12-21 05:22:26', '2014-12-21 05:22:26'),
(9, 57, 'naxis', '', '2014-12-21 05:23:42', '2014-12-21 05:23:42'),
(10, 57, 'naxis', '', '2014-12-21 05:23:49', '2014-12-21 05:23:49'),
(11, 57, 'naxis', '', '2014-12-21 05:23:51', '2014-12-21 05:23:51'),
(12, 57, 'naxis', '', '2014-12-21 05:24:48', '2014-12-21 05:24:48'),
(13, 57, '%E3%81%95%E3%81%AF%E3%82%89', '', '2014-12-21 07:25:15', '2014-12-21 07:25:15'),
(14, 57, '%E3%81%95%E3%81%AF%E3%82%89', '', '2014-12-21 07:25:25', '2014-12-21 07:25:25'),
(15, 57, '%E3%81%95%E3%81%AF%E3%82%89', '', '2014-12-21 07:25:44', '2014-12-21 07:25:44'),
(16, 57, '%E3%81%95%E3%81%AF%E3%82%89', '', '2014-12-21 07:25:59', '2014-12-21 07:25:59'),
(17, 57, '%E3%81%95%E3%81%AF%E3%82%89', '', '2014-12-21 07:26:16', '2014-12-21 07:26:16'),
(18, 57, '%E3%81%95%E3%81%AF%E3%82%89', '', '2014-12-21 07:26:25', '2014-12-21 07:26:25'),
(19, 57, '%E3%81%95%E3%81%AF%E3%82%89', '', '2014-12-21 07:26:37', '2014-12-21 07:26:37'),
(20, 57, '%E3%81%95%E3%81%AF%E3%82%89', '', '2014-12-21 07:27:33', '2014-12-21 07:27:33'),
(21, 57, '%E3%81%95%E3%81%AF%E3%82%89', '', '2014-12-21 07:30:53', '2014-12-21 07:30:53'),
(22, 57, '%E3%81%95%E3%81%AF%E3%82%89', '', '2014-12-21 07:31:04', '2014-12-21 07:31:04'),
(23, 57, '%E3%81%95%E3%81%AF%E3%82%89', '', '2014-12-21 07:31:31', '2014-12-21 07:31:31'),
(24, 57, '%E3%81%95%E3%81%AF%E3%82%89', '', '2014-12-21 07:31:36', '2014-12-21 07:31:36'),
(25, 57, '%E3%81%95%E3%81%AF%E3%82%89', '', '2014-12-21 07:31:46', '2014-12-21 07:31:46'),
(26, 57, '%E3%81%95%E3%81%AF%E3%82%89', '', '2014-12-21 07:31:53', '2014-12-21 07:31:53'),
(27, 57, '%E3%81%95%E3%81%AF%E3%82%89', '', '2014-12-21 07:38:58', '2014-12-21 07:38:58'),
(28, 57, '%E3%81%95%E3%81%AF%E3%82%89', '', '2014-12-21 07:39:07', '2014-12-21 07:39:07'),
(29, 57, '%E3%81%95%E3%81%AF%E3%82%89', '', '2014-12-21 07:39:13', '2014-12-21 07:39:13'),
(30, 57, '%E3%81%95%E3%81%AF%E3%82%89', '', '2014-12-21 07:39:21', '2014-12-21 07:39:21'),
(31, 57, '%E3%81%95%E3%81%AF%E3%82%89', '', '2014-12-21 07:39:45', '2014-12-21 07:39:45'),
(32, 57, '%E3%81%95%E3%81%AF%E3%82%89', '', '2014-12-21 07:39:54', '2014-12-21 07:39:54'),
(33, 57, '%E3%81%95%E3%81%AF%E3%82%89', '', '2014-12-21 07:40:00', '2014-12-21 07:40:00'),
(34, 57, '%E3%81%95%E3%81%AF%E3%82%89', '', '2014-12-21 07:40:10', '2014-12-21 07:40:10'),
(35, 57, '%E3%81%95%E3%81%AF%E3%82%89', '', '2014-12-21 07:43:48', '2014-12-21 07:43:48'),
(36, 57, '%E3%81%95%E3%81%AF%E3%82%89', '', '2014-12-21 07:43:55', '2014-12-21 07:43:55'),
(37, 57, '%E3%81%95%E3%81%AF%E3%82%89', '', '2014-12-21 07:44:00', '2014-12-21 07:44:00'),
(38, 57, '%E3%81%95%E3%81%AF%E3%82%89', '', '2014-12-21 07:44:51', '2014-12-21 07:44:51'),
(39, 57, '%E3%81%95%E3%81%AF%E3%82%89', '', '2014-12-21 07:44:58', '2014-12-21 07:44:58'),
(40, 57, '%E3%81%95%E3%81%AF%E3%82%89', '', '2014-12-21 07:45:04', '2014-12-21 07:45:04'),
(41, 57, '%E3%81%95%E3%81%AF%E3%82%89', '', '2014-12-21 07:45:10', '2014-12-21 07:45:10'),
(42, 57, '%E3%81%95%E3%81%AF%E3%82%89', '', '2014-12-21 07:46:18', '2014-12-21 07:46:18'),
(43, 57, '%E3%81%95%E3%81%AF%E3%82%89', '', '2014-12-21 07:46:25', '2014-12-21 07:46:25'),
(44, 57, '%E3%81%95%E3%81%AF%E3%82%89', '', '2014-12-21 07:46:31', '2014-12-21 07:46:31'),
(45, 57, '%E3%81%95%E3%81%AF%E3%82%89', '', '2014-12-21 07:49:08', '2014-12-21 07:49:08'),
(46, 57, '%E3%81%95%E3%81%AF%E3%82%89', '', '2014-12-21 07:49:15', '2014-12-21 07:49:15'),
(47, 57, '%E3%81%95%E3%81%AF%E3%82%89', '', '2014-12-21 07:49:20', '2014-12-21 07:49:20'),
(48, 57, '%E3%81%95%E3%81%AF%E3%82%89', '', '2014-12-21 07:49:31', '2014-12-21 07:49:31'),
(49, 57, '%E3%81%95%E3%81%AF%E3%82%89', '', '2014-12-21 07:49:37', '2014-12-21 07:49:37'),
(50, 57, '%E3%81%95%E3%81%AF%E3%82%89', '', '2014-12-21 07:49:44', '2014-12-21 07:49:44'),
(51, 57, '%E3%81%95%E3%81%AF%E3%82%89', '', '2014-12-21 07:49:50', '2014-12-21 07:49:50'),
(52, 57, '%E3%81%95%E3%81%AF%E3%82%89', '', '2014-12-21 07:49:58', '2014-12-21 07:49:58'),
(53, 57, '%E3%81%95%E3%81%AF%E3%82%89', '', '2014-12-21 07:50:06', '2014-12-21 07:50:06'),
(54, 57, '%E3%81%95%E3%81%AF%E3%82%89', '', '2014-12-21 07:50:34', '2014-12-21 07:50:34'),
(55, 57, '%E3%81%95%E3%81%AF%E3%82%89', '', '2014-12-21 07:50:49', '2014-12-21 07:50:49'),
(56, 57, '%E3%81%95%E3%81%AF%E3%82%89', '', '2014-12-21 07:50:57', '2014-12-21 07:50:57'),
(57, 57, '%E3%81%95%E3%81%AF%E3%82%89', '', '2014-12-21 07:52:15', '2014-12-21 07:52:15'),
(58, 57, '%E3%81%95%E3%81%AF%E3%82%89', '', '2014-12-21 07:52:22', '2014-12-21 07:52:22'),
(59, 57, '%E3%81%95%E3%81%AF%E3%82%89', '', '2014-12-21 07:54:21', '2014-12-21 07:54:21'),
(60, 57, '%E3%81%95%E3%81%AF%E3%82%89', '', '2014-12-21 07:54:35', '2014-12-21 07:54:35'),
(61, 57, '%E3%81%95%E3%81%AF%E3%82%89', '', '2014-12-21 07:55:04', '2014-12-21 07:55:04'),
(62, 57, '%E3%81%95%E3%81%AF%E3%82%89', '', '2014-12-21 07:56:08', '2014-12-21 07:56:08'),
(63, 57, '%E3%81%95%E3%81%AF%E3%82%89', '', '2014-12-21 07:56:14', '2014-12-21 07:56:14'),
(64, 57, '%E3%81%95%E3%81%AF%E3%82%89', '', '2014-12-21 07:56:52', '2014-12-21 07:56:52'),
(65, 57, '%E3%81%95%E3%81%AF%E3%82%89', '', '2014-12-21 07:57:34', '2014-12-21 07:57:34'),
(66, 57, '%E3%81%95%E3%81%AF%E3%82%89', '', '2014-12-21 08:03:39', '2014-12-21 08:03:39'),
(67, 57, '%E3%81%95%E3%81%AF%E3%82%89', '', '2014-12-21 08:04:57', '2014-12-21 08:04:57'),
(68, 57, '%E3%81%95%E3%81%AF%E3%82%89', '', '2014-12-21 08:05:06', '2014-12-21 08:05:06'),
(69, 57, '%E3%81%95%E3%81%AF%E3%82%89', '', '2014-12-21 08:05:51', '2014-12-21 08:05:51'),
(70, 57, '%E3%81%95%E3%81%AF%E3%82%89', '', '2014-12-21 08:09:40', '2014-12-21 08:09:40'),
(71, 57, '%E3%81%95%E3%81%AF%E3%82%89', '', '2014-12-21 08:11:28', '2014-12-21 08:11:28'),
(72, 57, '%E3%81%95%E3%81%AF%E3%82%89', '', '2014-12-21 08:11:37', '2014-12-21 08:11:37'),
(73, 57, '%E3%81%95%E3%81%AF%E3%82%89', '', '2014-12-21 08:11:43', '2014-12-21 08:11:43'),
(74, 57, '%E3%81%95%E3%81%AF%E3%82%89', '', '2014-12-21 08:11:59', '2014-12-21 08:11:59'),
(75, 57, '%E3%81%95%E3%81%AF%E3%82%89', '', '2014-12-21 08:12:52', '2014-12-21 08:12:52'),
(76, 57, '%E3%81%95%E3%81%AF%E3%82%89', '', '2014-12-21 08:13:37', '2014-12-21 08:13:37'),
(77, 57, '%E3%81%95%E3%81%97%E3%81%93', '', '2014-12-21 08:15:24', '2014-12-21 08:15:24'),
(78, 57, '%E3%81%95%E3%81%AF%E3%82%89', '', '2014-12-21 08:16:10', '2014-12-21 08:16:10'),
(79, 57, '%E3%81%BE%E3%82%84%E3%82%89', '', '2014-12-21 08:16:20', '2014-12-21 08:16:20'),
(80, 57, '%E3%81%82%E3%81%8B%E3%81%95', '', '2014-12-21 08:20:35', '2014-12-21 08:20:35'),
(81, 57, '%E3%81%8B%E3%81%AA%E3%82%84', '', '2014-12-21 08:20:50', '2014-12-21 08:20:50'),
(82, 57, '%E3%81%BE%E3%82%84%E3%81%AA%E3%81%8B%E3%81%AF', '', '2014-12-21 08:21:10', '2014-12-21 08:21:10'),
(83, 57, '%E3%81%9F%E3%81%AA%E3%82%84%E3%81%BE', '', '2014-12-21 08:24:59', '2014-12-21 08:24:59'),
(84, 57, '%E3%81%9F%E3%82%84%E3%82%89%E3%81%BE', '', '2014-12-21 08:25:52', '2014-12-21 08:25:52'),
(85, 57, '%E3%81%8B%E3%81%AA%E3%82%84%E3%82%8F', '', '2014-12-21 08:26:44', '2014-12-21 08:26:44'),
(86, 57, '%E3%81%8B%E3%81%AA%E3%82%84', '', '2014-12-21 08:27:27', '2014-12-21 08:27:27'),
(87, 57, '%E3%81%8B%E3%81%AA%E3%82%84%E3%81%BE', '', '2014-12-21 08:30:01', '2014-12-21 08:30:01'),
(88, 57, '%E3%81%8B%E3%81%AA%E3%82%84%E3%81%BE', '', '2014-12-21 08:33:14', '2014-12-21 08:33:14'),
(89, 58, '%E3%81%8B%E3%81%AA%E3%82%84%E3%81%BE', '', '2014-12-23 05:33:12', '2014-12-23 05:33:12'),
(90, 58, '%E3%81%95%E3%81%AF%E3%82%89', '', '2014-12-23 05:35:15', '2014-12-23 05:35:14'),
(91, 58, '%E3%81%95%E3%81%AF%E3%82%89', '', '2014-12-23 05:49:38', '2014-12-23 05:49:38'),
(92, 58, '%E3%81%8B%E3%81%AA%E3%82%84%E3%81%BE', '', '2014-12-23 05:49:55', '2014-12-23 05:49:55'),
(93, 58, '%E3%81%8B%E3%81%AA%E3%82%84%E3%81%BE', '', '2014-12-23 06:07:34', '2014-12-23 06:07:34'),
(94, 58, '%E3%81%BE%E3%82%84%E3%82%89%E3%82%8F', '', '2014-12-23 06:07:46', '2014-12-23 06:07:46'),
(95, 58, '%E3%81%8B%E3%81%AA%E3%82%84', '', '2014-12-23 06:14:27', '2014-12-23 06:14:27'),
(96, 58, '%E3%81%8B%E3%81%95%E3%81%AF%E3%81%AA', '', '2014-12-23 06:15:18', '2014-12-23 06:15:18'),
(97, 58, '%E3%81%82%E3%81%9F%E3%81%BE%E3%82%8F', '', '2014-12-23 06:18:59', '2014-12-23 06:18:59'),
(98, 58, '%E3%81%9F%E3%81%AA%E3%82%89%E3%82%84', '', '2014-12-23 06:20:35', '2014-12-23 06:20:35'),
(99, 58, '%E3%81%8B%E3%81%AA%E3%82%84%E3%82%8F', '', '2014-12-23 06:22:03', '2014-12-23 06:22:03'),
(100, 58, '%E3%81%82%E3%81%9F%E3%81%BE%E3%82%84', '', '2014-12-23 06:23:25', '2014-12-23 06:23:25'),
(101, 58, '%E3%81%82%E3%81%8B%E3%81%95%E3%81%AF%E3%82%89%E3%82%84', '', '2014-12-23 06:25:18', '2014-12-23 06:25:18'),
(102, 58, '%E3%81%8B%E3%81%AA%E3%82%84%E3%82%8F', '', '2014-12-23 06:28:49', '2014-12-23 06:28:49'),
(103, 58, '%E3%81%82%E3%81%9F%E3%81%BE%E3%82%8F%E3%82%84', '', '2014-12-23 06:36:32', '2014-12-23 06:36:32'),
(104, 58, '%E3%81%82%E3%81%8B%E3%81%AE%E3%81%AF', '', '2014-12-23 06:40:35', '2014-12-23 06:40:35'),
(105, 58, '%E3%81%9F%E3%81%AA%E3%81%AF', '', '2014-12-23 06:45:51', '2014-12-23 06:45:51'),
(106, 58, '%E3%81%95%E3%81%AF%E3%82%89', '', '2014-12-23 06:47:01', '2014-12-23 06:47:01'),
(107, 58, '%E3%81%9F%E3%81%AA%E3%81%AF', '', '2014-12-23 06:48:32', '2014-12-23 06:48:32'),
(108, 58, '%E3%82%84%E3%82%89%E3%81%AF', '', '2014-12-23 06:59:46', '2014-12-23 06:59:46'),
(109, 58, '%E3%81%AF%E3%82%89%E3%82%84%E3%81%BE', '', '2014-12-23 07:01:49', '2014-12-23 07:01:49'),
(110, 58, '%E3%81%82%E3%81%9F%E3%81%BE%E3%82%84', '', '2014-12-23 07:06:36', '2014-12-23 07:06:36'),
(111, 58, '%E3%81%95%E3%81%AF%E3%82%89', '', '2014-12-23 07:07:47', '2014-12-23 07:07:47'),
(112, 58, '%E3%82%84%E3%82%8F%E3%82%89', '', '2014-12-23 07:08:11', '2014-12-23 07:08:11'),
(113, 58, '%E3%81%95%E3%81%AF%E3%82%89', '', '2014-12-23 07:11:25', '2014-12-23 07:11:25'),
(114, 58, '%E3%81%95%E3%81%AF%E3%82%89', '', '2014-12-23 07:12:09', '2014-12-23 07:12:09'),
(115, 58, '%E3%82%84%E3%82%8F%E3%82%89', '', '2014-12-23 07:12:26', '2014-12-23 07:12:26'),
(116, 58, '%E3%81%8B%E3%81%AA%E3%82%84', '', '2014-12-23 07:12:47', '2014-12-23 07:12:47'),
(117, 59, '%E3%82%B3%E3%83%8A%E3%83%9F', '', '2014-12-23 07:31:02', '2014-12-23 07:31:02'),
(118, 59, '%E3%81%95%E3%81%AF%E3%82%89', '', '2014-12-23 07:43:31', '2014-12-23 07:43:31'),
(119, 59, '%E6%B5%85%E8%8D%89', '', '2014-12-23 07:43:44', '2014-12-23 07:43:44'),
(120, 59, '%E6%B5%85%E8%8D%89', '', '2014-12-23 07:44:30', '2014-12-23 07:44:30'),
(121, 61, '%E6%B5%85%E8%8D%89', '', '2014-12-23 07:58:53', '2014-12-23 07:58:53'),
(122, 60, '%E3%81%95%E3%81%8B%E3%81%AA', '', '2015-01-17 13:42:59', '2015-01-17 13:42:59'),
(123, 60, '%E6%9C%89%E5%90%89', '', '2015-01-17 13:47:49', '2015-01-17 13:47:49'),
(124, 96, '%E5%8C%97%E6%96%97%E3%81%AE%E6%8B%B3', '', '2015-01-25 19:25:11', '2015-01-25 19:25:11'),
(125, 96, '%E8%B5%A4%E7%BE%BD', '', '2015-01-31 13:41:29', '2015-01-31 13:41:29'),
(126, 96, '%E8%B5%A4%E7%BE%BD', '', '2015-01-31 14:33:04', '2015-01-31 14:33:04'),
(127, 96, '%E6%9C%89%E5%90%89', '', '2015-01-31 14:34:13', '2015-01-31 14:34:13'),
(128, 96, '%E8%B5%A4%E7%BE%BD', '', '2015-01-31 14:35:43', '2015-01-31 14:35:43'),
(129, 96, '%E6%9C%89%E5%90%89', '', '2015-01-31 14:39:38', '2015-01-31 14:39:38'),
(130, 96, '%E6%9C%89%E5%90%89', '', '2015-01-31 14:40:09', '2015-01-31 14:40:09'),
(131, 96, '%E3%82%84%E3%82%89%E3%82%8F', '', '2015-01-31 14:43:30', '2015-01-31 14:43:30'),
(132, 96, '%E6%9C%89%E5%90%89', '', '2015-01-31 14:55:54', '2015-01-31 14:55:54'),
(133, 96, '%E8%B5%A4%E7%BE%BD', '', '2015-01-31 14:57:34', '2015-01-31 14:57:34'),
(134, 96, '%E8%B5%A4%E7%BE%BD', '', '2015-01-31 14:58:08', '2015-01-31 14:58:08'),
(135, 96, '%E8%B5%A4%E7%BE%BD', '', '2015-01-31 15:10:57', '2015-01-31 15:10:57'),
(136, 96, '%E4%B8%AD%E6%9D%91', '', '2015-01-31 15:19:09', '2015-01-31 15:19:09'),
(137, 96, '%E7%A7%8B%E7%94%B0%E7%9C%8C', '', '2015-01-31 16:17:21', '2015-01-31 16:17:21'),
(138, 96, '%E6%B5%A6%E5%92%8C', '', '2015-01-31 16:56:19', '2015-01-31 16:56:19'),
(139, 96, '%E6%B5%A6%E5%92%8C%E9%A7%85', '', '2015-01-31 16:56:43', '2015-01-31 16:56:43'),
(140, 96, '%E5%A4%A7%E5%AE%AE', '', '2015-01-31 16:58:01', '2015-01-31 16:58:01'),
(141, 96, '%E5%A4%A7%E5%AE%AE', '', '2015-01-31 16:58:29', '2015-01-31 16:58:29'),
(142, 96, '%E5%A4%A7%E5%AE%AE', '', '2015-01-31 16:58:33', '2015-01-31 16:58:33'),
(143, 96, '%E5%A4%A7%E5%AE%AE', '', '2015-01-31 16:58:44', '2015-01-31 16:58:44'),
(144, 96, '%E6%B5%A6%E5%92%8C%E9%A7%85', '', '2015-01-31 16:59:09', '2015-01-31 16:59:09'),
(145, 96, '%E5%A4%A7%E5%AE%AE', '', '2015-01-31 16:59:20', '2015-01-31 16:59:20'),
(146, 96, '%E5%A4%A7%E5%AE%AE%E9%A7%85', '', '2015-01-31 16:59:38', '2015-01-31 16:59:38'),
(147, 96, '%E9%B4%BB%E5%B7%A3%E9%A7%85', '', '2015-01-31 17:05:20', '2015-01-31 17:05:20'),
(148, 96, '%E9%B4%BB%E5%B7%A3%E9%A7%85', '', '2015-01-31 17:06:15', '2015-01-31 17:06:15'),
(149, 96, '%E3%83%A9%E3%83%BC%E3%83%A1%E3%83%B3', '', '2015-01-31 17:07:00', '2015-01-31 17:07:00'),
(150, 96, '%E5%88%BA%E8%BA%AB', '', '2015-01-31 17:07:33', '2015-01-31 17:07:33'),
(151, 96, '%E3%83%A9%E3%83%BC%E3%83%A1%E3%83%B3', '', '2015-01-31 17:15:27', '2015-01-31 17:15:27'),
(152, 96, '%E3%83%A9%E3%83%BC%E3%83%A1%E3%83%B3', '', '2015-01-31 17:16:11', '2015-01-31 17:16:11'),
(153, 96, '%E3%83%A9%E3%83%BC%E3%83%A1%E3%83%B3', '', '2015-01-31 17:17:12', '2015-01-31 17:17:12'),
(154, 96, '%E3%83%A9%E3%83%BC%E3%83%A1%E3%83%B3', '', '2015-01-31 17:18:23', '2015-01-31 17:18:23'),
(155, 96, '%E3%83%A9%E3%83%BC%E3%83%A1%E3%83%B3', '', '2015-01-31 17:18:31', '2015-01-31 17:18:31'),
(156, 96, '%E3%83%A9%E3%83%BC%E3%83%A1%E3%83%B3', '', '2015-01-31 17:19:37', '2015-01-31 17:19:37'),
(157, 96, '%E3%83%A9%E3%83%BC%E3%83%A1%E3%83%B3', '', '2015-01-31 17:19:39', '2015-01-31 17:19:39'),
(158, 96, '%E3%83%A9%E3%83%BC%E3%83%A1%E3%83%B3', '', '2015-01-31 17:42:02', '2015-01-31 17:42:02'),
(159, 99, '%E6%9C%89%E5%90%89', '', '2015-02-22 14:39:31', '2015-02-22 14:39:31'),
(160, 99, '%E6%9C%89%E5%90%89', '', '2015-02-22 14:41:14', '2015-02-22 14:41:14'),
(161, 99, '%E3%81%95%E3%81%AF%E3%82%89', '', '2015-02-22 14:42:52', '2015-02-22 14:42:52'),
(162, 99, '%E3%81%95%E3%81%AF%E3%82%89', '', '2015-02-22 14:46:06', '2015-02-22 14:46:06'),
(163, 99, '%E6%9C%89%E5%90%89', '', '2015-02-22 14:49:19', '2015-02-22 14:49:19'),
(164, 99, '%E6%9C%89%E5%90%89', '', '2015-02-22 15:57:29', '2015-02-22 15:57:29'),
(165, 99, '%E6%9A%96%E3%81%8B%E3%81%84%E3%81%A0%E3%81%8B%E3%82%89', '', '2015-02-22 15:58:00', '2015-02-22 15:58:00'),
(166, 99, '%E3%82%AA%E3%83%AA%E3%83%A9%E3%82%B8+%E3%83%A9%E3%82%B8%E3%82%AA+%E3%82%B1%E3%83%B3%E3%82%AB', '', '2015-02-22 15:58:53', '2015-02-22 15:58:53'),
(167, 99, '%E8%B5%A4%E7%BE%BD', '', '2015-02-22 16:06:08', '2015-02-22 16:06:08'),
(168, 99, '%E6%9C%89%E5%90%89', '', '2015-02-22 16:09:12', '2015-02-22 16:09:12'),
(169, 99, '%E6%9C%89%E5%90%89', '', '2015-02-22 16:11:59', '2015-02-22 16:11:59'),
(170, 99, '%E7%A7%8B%E7%94%B0%E7%9C%8C', '', '2015-02-22 16:13:15', '2015-02-22 16:13:15'),
(171, 97, '%E3%83%A6%E3%83%8B%E3%82%B3%E3%83%BC%E3%83%B3', '', '2015-02-22 16:13:59', '2015-02-22 16:13:59'),
(172, 100, '%E6%9C%89%E5%90%89', '', '2015-02-22 17:30:29', '2015-02-22 17:30:29'),
(173, 101, '%E6%9C%89%E5%90%89', '', '2015-03-07 14:57:23', '2015-03-07 14:57:23'),
(174, 103, '%E3%81%95%E3%81%AF%E3%82%89', '', '2015-03-08 18:36:51', '2015-03-08 18:36:51'),
(175, 103, '%E3%81%95%E3%81%AF%E3%82%89', '', '2015-03-08 18:37:30', '2015-03-08 18:37:30'),
(176, 103, '%E3%83%89%E3%83%AD%E3%83%BC%E3%83%B3', '', '2015-03-08 18:38:40', '2015-03-08 18:38:40'),
(177, 103, '%E3%83%89%E3%83%AD%E3%83%BC%E3%83%B3', '', '2015-03-08 18:39:17', '2015-03-08 18:39:17'),
(178, 103, '%E3%83%89%E3%83%AD%E3%83%BC%E3%83%B3', '', '2015-03-08 18:39:41', '2015-03-08 18:39:41'),
(179, 103, '%E3%83%89%E3%83%AD%E3%83%BC%E3%83%B3', '', '2015-03-08 18:40:11', '2015-03-08 18:40:11'),
(180, 103, '%E3%83%89%E3%83%AD%E3%83%BC%E3%83%B3', '', '2015-03-08 18:40:20', '2015-03-08 18:40:20'),
(181, 103, '%E3%83%89%E3%83%AD%E3%83%BC%E3%83%B3', '', '2015-03-08 18:40:54', '2015-03-08 18:40:54'),
(182, 103, '%E3%83%89%E3%83%AD%E3%83%BC%E3%83%B3', '', '2015-03-08 18:41:05', '2015-03-08 18:41:05'),
(183, 103, '%E3%83%89%E3%83%AD%E3%83%BC%E3%83%B3', '', '2015-03-08 18:42:22', '2015-03-08 18:42:22'),
(184, 103, '%E3%83%89%E3%83%AD%E3%83%BC%E3%83%B3', '', '2015-03-08 18:42:39', '2015-03-08 18:42:39'),
(185, 103, '%E3%83%89%E3%83%AD%E3%83%BC%E3%83%B3', '', '2015-03-08 19:08:06', '2015-03-08 19:08:06'),
(186, 103, '%E3%83%89%E3%83%AD%E3%83%BC%E3%83%B3', '', '2015-03-08 19:12:04', '2015-03-08 19:12:04'),
(187, 103, '%E3%82%B3%E3%83%BC%E3%83%AB%E3%83%9E%E3%83%B3', '', '2015-03-08 19:18:01', '2015-03-08 19:18:01'),
(188, 103, '%E3%82%B5%E3%82%AB%E3%83%8A%E3%82%AF%E3%82%B7%E3%83%A7%E3%83%B3', '', '2015-03-08 19:19:42', '2015-03-08 19:19:42'),
(189, 103, '%E3%83%A1%E3%82%BF%E3%83%AB%E3%82%AE%E3%82%A2', '', '2015-03-08 19:20:54', '2015-03-08 19:20:54'),
(190, 103, '%E3%82%B5%E3%82%AB%E3%83%8A%E3%82%AF%E3%82%B7%E3%83%A7%E3%83%B3', '', '2015-03-08 19:27:13', '2015-03-08 19:27:13'),
(191, 103, '%E3%83%89%E3%83%AD%E3%83%BC%E3%83%B3', '', '2015-03-08 19:43:52', '2015-03-08 19:43:52'),
(192, 103, '%E3%83%89%E3%83%AD%E3%83%BC%E3%83%B3', '', '2015-03-08 19:44:43', '2015-03-08 19:44:43'),
(193, 103, '%E3%81%95%E3%81%AF%E3%82%89', '', '2015-03-08 19:46:45', '2015-03-08 19:46:45'),
(194, 103, '%E3%82%B5%E3%82%AB%E3%83%8A%E3%82%AF%E3%82%B7%E3%83%A7%E3%83%B3', '', '2015-03-08 19:47:48', '2015-03-08 19:47:48'),
(195, 103, '%E3%82%B5%E3%82%AB%E3%83%8A%E3%82%AF%E3%82%B7%E3%83%A7%E3%83%B3', '', '2015-03-08 19:49:39', '2015-03-08 19:49:39'),
(196, 103, '%E3%81%95%E3%81%AF%E3%82%89', '', '2015-03-08 19:58:46', '2015-03-08 19:58:46'),
(197, 103, '%E3%82%B5%E3%82%AB%E3%83%8A%E3%82%AF%E3%82%B7%E3%83%A7%E3%83%B3', '', '2015-03-08 19:59:11', '2015-03-08 19:59:11'),
(198, 103, '%E3%82%B5%E3%82%AB%E3%83%8A%E3%82%AF%E3%82%B7%E3%83%A7%E3%83%B3', '', '2015-03-08 19:59:47', '2015-03-08 19:59:47'),
(199, 103, '%E3%81%95%E3%81%AF%E3%82%89', '', '2015-03-08 20:04:31', '2015-03-08 20:04:31'),
(200, 103, '%E3%82%B5%E3%82%AB%E3%83%8A%E3%82%AF%E3%82%B7%E3%83%A7%E3%83%B3', '', '2015-03-08 20:04:38', '2015-03-08 20:04:38'),
(201, 103, '%E3%82%B5%E3%82%AB%E3%83%8A%E3%82%AF%E3%82%B7%E3%83%A7%E3%83%B3', '', '2015-03-08 20:05:53', '2015-03-08 20:05:53'),
(202, 103, '%E3%82%B5%E3%82%AB%E3%83%8A%E3%82%AF%E3%82%B7%E3%83%A7%E3%83%B3', '', '2015-03-08 20:06:26', '2015-03-08 20:06:26'),
(203, 103, '%E3%82%B5%E3%82%AB%E3%83%8A%E3%82%AF%E3%82%B7%E3%83%A7%E3%83%B3', '', '2015-03-08 20:07:12', '2015-03-08 20:07:12'),
(204, 97, '%E6%9C%89%E5%90%89', '', '2015-03-08 20:07:48', '2015-03-08 20:07:48'),
(205, 97, '%E6%9C%89%E5%90%89', '', '2015-03-08 20:08:05', '2015-03-08 20:08:05'),
(206, 103, '%E3%82%B5%E3%82%AB%E3%83%8A%E3%82%AF%E3%82%B7%E3%83%A7%E3%83%B3', '', '2015-03-08 20:08:45', '2015-03-08 20:08:45'),
(207, 97, '%E3%82%B5%E3%82%AB%E3%83%8A%E3%82%AF%E3%82%B7%E3%83%A7%E3%83%B3', '', '2015-03-08 20:08:47', '2015-03-08 20:08:47'),
(208, 103, '%E3%82%B5%E3%82%AB%E3%83%8A%E3%82%AF%E3%82%B7%E3%83%A7%E3%83%B3', '', '2015-03-08 20:09:42', '2015-03-08 20:09:42'),
(209, 97, '%E3%83%A9%E3%82%A4%E3%83%A0%E3%82%B9%E3%82%BF%E3%83%BC', '', '2015-03-08 20:11:14', '2015-03-08 20:11:14'),
(210, 97, '%E3%83%A9%E3%82%A4%E3%83%A0%E3%82%B9%E3%82%BF%E3%83%BC', '', '2015-03-08 20:13:20', '2015-03-08 20:13:20'),
(211, 103, '%E3%81%95%E3%81%AF%E3%82%89', '', '2015-03-08 20:14:26', '2015-03-08 20:14:26'),
(212, 103, '%E3%82%B5%E3%82%AB%E3%83%8A%E3%82%AF%E3%82%B7%E3%83%A7%E3%83%B3', '', '2015-03-08 20:15:47', '2015-03-08 20:15:47'),
(213, 97, '%E3%82%AF%E3%83%AB%E3%83%9E', '', '2015-03-08 20:15:47', '2015-03-08 20:15:47'),
(214, 97, '%E3%82%BF%E3%82%A4%E3%83%9F%E3%83%B3%E3%82%B0', '', '2015-03-08 20:16:25', '2015-03-08 20:16:25'),
(215, 97, '%E5%A5%A5%E7%94%B0%E6%B0%91%E7%94%9F', '', '2015-03-08 20:16:35', '2015-03-08 20:16:35'),
(216, 97, '%E9%95%B7%E6%B8%95', '', '2015-03-08 20:17:32', '2015-03-08 20:17:32'),
(217, 103, '%E3%81%95%E3%81%AF%E3%82%89', '', '2015-03-08 20:20:35', '2015-03-08 20:20:35'),
(218, 97, '%E9%95%B7%E6%B8%95', '', '2015-03-08 20:20:40', '2015-03-08 20:20:40'),
(219, 103, '%E3%82%B5%E3%82%AB%E3%83%8A%E3%82%AF%E3%82%B7%E3%83%A7%E3%83%B3', '', '2015-03-08 20:20:49', '2015-03-08 20:20:49'),
(220, 97, '%E3%83%A9%E3%82%A4%E3%83%A0%E3%82%B9%E3%82%BF%E3%83%BC', '', '2015-03-08 20:21:27', '2015-03-08 20:21:27'),
(221, 97, '%E5%A5%A5%E7%94%B0%E6%B0%91%E7%94%9F', '', '2015-03-08 20:21:43', '2015-03-08 20:21:43'),
(222, 97, '%E5%A5%A5%E7%94%B0%E6%B0%91%E7%94%9F', '', '2015-03-08 20:22:00', '2015-03-08 20:22:00'),
(223, 103, '%E3%82%B5%E3%82%AB%E3%83%8A%E3%82%AF%E3%82%B7%E3%83%A7%E3%83%B3', '', '2015-03-08 20:24:44', '2015-03-08 20:24:44'),
(224, 97, '%E6%9C%89%E5%90%89', '', '2015-03-08 20:25:09', '2015-03-08 20:25:09'),
(225, 97, '%E5%A5%A5%E7%94%B0%E6%B0%91%E7%94%9F', '', '2015-03-08 20:25:28', '2015-03-08 20:25:28'),
(226, 97, '%E5%A5%A5%E7%94%B0%E6%B0%91%E7%94%9F', '', '2015-03-08 20:27:42', '2015-03-08 20:27:42'),
(227, 97, '%E5%A5%A5%E7%94%B0%E6%B0%91%E7%94%9F', '', '2015-03-08 20:29:17', '2015-03-08 20:29:17'),
(228, 97, '%E3%83%A6%E3%83%8B%E3%82%B3%E3%83%BC%E3%83%B3', '', '2015-03-08 20:29:26', '2015-03-08 20:29:26'),
(229, 97, '%E3%83%A6%E3%83%8B%E3%82%B3%E3%83%BC%E3%83%B3', '', '2015-03-08 20:30:30', '2015-03-08 20:30:30'),
(230, 97, '%E3%83%99%E3%83%93%E3%83%BC%E3%83%A1%E3%82%BF%E3%83%AB', '', '2015-03-08 20:34:15', '2015-03-08 20:34:15'),
(231, 97, '%E5%A5%A5%E7%94%B0%E6%B0%91%E7%94%9F', '', '2015-03-08 20:36:10', '2015-03-08 20:36:10'),
(232, 103, '%E8%B5%A4%E7%BE%BD', '', '2015-03-14 13:33:50', '2015-03-14 13:33:50'),
(233, 103, '%E8%B5%A4%E7%BE%BD', '', '2015-03-14 14:08:11', '2015-03-14 14:08:11'),
(234, 103, '%E8%B5%A4%E7%BE%BD', '', '2015-03-14 14:08:35', '2015-03-14 14:08:35'),
(235, 103, '%E8%B5%A4%E7%BE%BD', '', '2015-03-14 14:09:03', '2015-03-14 14:09:03'),
(236, 103, '%E8%B5%A4%E7%BE%BD', '', '2015-03-14 14:11:45', '2015-03-14 14:11:45'),
(237, 103, '%E8%B5%A4%E7%BE%BD', '', '2015-03-14 14:13:57', '2015-03-14 14:13:57'),
(238, 103, '%E3%83%A6%E3%83%8B%E3%82%B3%E3%83%BC%E3%83%B3', '', '2015-03-14 14:39:23', '2015-03-14 14:39:23'),
(239, 103, '%E7%A7%8B%E7%94%B0', '', '2015-03-14 14:48:41', '2015-03-14 14:48:41'),
(240, 103, '%E8%B5%A4%E7%BE%BD', '', '2015-03-14 15:47:31', '2015-03-14 15:47:31'),
(241, 105, '%E3%82%B5%E3%82%AB%E3%83%8A%E3%82%AF%E3%82%B7%E3%83%A7%E3%83%B3', '', '2015-03-14 16:47:58', '2015-03-14 16:47:58'),
(242, 105, '%E3%83%91%E3%82%BA%E3%83%89%E3%83%A9', '', '2015-03-14 16:48:27', '2015-03-14 16:48:27'),
(243, 105, '%E3%81%95%E3%81%AF%E3%82%89', '', '2015-03-14 16:49:14', '2015-03-14 16:49:14'),
(244, 105, '%E3%82%A4%E3%83%BC%E3%82%B9%E3%82%BF%E3%83%BC', '', '2015-03-14 16:49:39', '2015-03-14 16:49:39'),
(245, 103, '%E8%B5%A4%E7%BE%BD', '', '2015-03-14 17:23:28', '2015-03-14 17:23:28'),
(246, 103, '%E8%B5%A4%E7%BE%BD', '', '2015-03-15 15:33:45', '2015-03-15 15:33:45'),
(247, 105, '%E3%82%B5%E3%82%AB%E3%83%8A%E3%82%AF%E3%82%B7%E3%83%A7%E3%83%B3', '', '2015-03-15 16:13:20', '2015-03-15 16:13:20'),
(248, 105, '%E3%81%95%E3%81%AF%E3%82%89', '', '2015-03-15 16:14:08', '2015-03-15 16:14:08'),
(249, 105, '%E3%81%95%E3%81%AF%E3%82%89', '', '2015-03-15 16:14:58', '2015-03-15 16:14:58'),
(250, 105, '%E3%82%B5%E3%82%AB%E3%83%8A%E3%82%AF%E3%82%B7%E3%83%A7%E3%83%B3', '', '2015-03-15 16:25:43', '2015-03-15 16:25:43'),
(251, 105, '%E3%82%B5%E3%82%AB%E3%83%8A%E3%82%AF%E3%82%B7%E3%83%A7%E3%83%B3', '', '2015-03-15 16:25:52', '2015-03-15 16:25:52'),
(252, 105, '%E3%82%B5%E3%82%AB%E3%83%8A%E3%82%AF%E3%82%B7%E3%83%A7%E3%83%B3', '', '2015-03-15 16:26:08', '2015-03-15 16:26:08'),
(253, 105, '%E3%81%95%E3%81%AF%E3%82%89', '', '2015-03-15 18:36:13', '2015-03-15 18:36:13'),
(254, 103, '%E8%B5%A4%E7%BE%BD', '', '2015-03-15 18:40:24', '2015-03-15 18:40:24'),
(255, 105, '%E3%81%95%E3%81%AF%E3%82%89', '', '2015-03-15 18:42:28', '2015-03-15 18:42:28'),
(256, 103, '%E8%B5%A4%E7%BE%BD', '', '2015-03-15 18:46:28', '2015-03-15 18:46:28'),
(257, 103, '%E8%B5%A4%E7%BE%BD', '', '2015-03-15 18:48:27', '2015-03-15 18:48:27'),
(258, 103, '%E6%9C%89%E5%90%89', '', '2015-03-15 18:51:31', '2015-03-15 18:51:31'),
(259, 103, '%E9%87%91%E6%B2%A2', '', '2015-03-15 18:51:45', '2015-03-15 18:51:45'),
(260, 103, '%E6%9C%89%E5%90%89', '', '2015-03-15 18:52:30', '2015-03-15 18:52:30'),
(261, 103, '%E3%82%A4%E3%83%81%E3%83%AD%E3%83%BC', '', '2015-03-15 18:53:52', '2015-03-15 18:53:52'),
(262, 105, '%E6%9C%89%E5%90%89', '', '2015-03-15 18:54:08', '2015-03-15 18:54:08'),
(263, 97, '%E6%9C%89%E5%90%89', '', '2015-03-15 18:55:43', '2015-03-15 18:55:43'),
(264, 97, '%E3%82%A4%E3%83%81%E3%83%AD%E3%83%BC', '', '2015-03-15 19:13:54', '2015-03-15 19:13:54'),
(265, 103, '%E6%9C%89%E5%90%89', '', '2015-03-22 16:42:46', '2015-03-22 16:42:46'),
(266, 103, '%E6%9C%89%E5%90%89', '', '2015-03-22 16:45:52', '2015-03-22 16:45:52'),
(267, 103, '%E6%9C%89%E5%90%89', '', '2015-03-22 16:47:27', '2015-03-22 16:47:27'),
(268, 103, '%E6%9C%89%E5%90%89', '', '2015-03-22 16:48:48', '2015-03-22 16:48:48'),
(269, 103, '%E6%9C%89%E5%90%89', '', '2015-03-22 16:50:33', '2015-03-22 16:50:33'),
(270, 103, '有吉', '', '2015-03-22 16:50:36', '2015-03-22 16:50:36'),
(271, 103, '有吉', '', '2015-03-22 16:52:27', '2015-03-22 16:52:27'),
(272, 103, 'drone', '', '2015-03-22 17:50:12', '2015-03-22 17:50:12'),
(273, 103, 'asian', '', '2015-03-22 17:50:41', '2015-03-22 17:50:41'),
(274, 103, 'drone', '', '2015-03-22 17:51:08', '2015-03-22 17:51:08'),
(275, 103, '%E3%82%A4%E3%83%81%E3%83%AD%E3%83%BC', '', '2015-03-22 18:14:27', '2015-03-22 18:14:27'),
(276, 103, 'イチロー', '', '2015-03-22 18:14:30', '2015-03-22 18:14:30'),
(277, 103, '%E3%82%A4%E3%83%81%E3%83%AD%E3%83%BC', '', '2015-03-22 18:14:46', '2015-03-22 18:14:46'),
(278, 103, 'イチロー', '', '2015-03-22 18:14:47', '2015-03-22 18:14:47'),
(279, 103, '%E3%83%89%E3%83%AD%E3%83%BC%E3%83%B3', '', '2015-03-22 18:15:11', '2015-03-22 18:15:11'),
(280, 103, 'ドローン', '', '2015-03-22 18:15:15', '2015-03-22 18:15:15'),
(281, 103, '%E3%83%9E%E3%83%89%E3%83%B3%E3%83%8A', '', '2015-03-22 18:15:47', '2015-03-22 18:15:47'),
(282, 103, 'マドンナ', '', '2015-03-22 18:15:48', '2015-03-22 18:15:48'),
(283, 103, '%E3%82%A4%E3%83%81%E3%83%AD%E3%83%BC', '', '2015-03-22 18:20:43', '2015-03-22 18:20:43'),
(284, 103, 'イチロー', '', '2015-03-22 18:20:49', '2015-03-22 18:20:49'),
(285, 103, '%E3%82%A4%E3%83%81%E3%83%AD%E3%83%BC', '', '2015-03-22 18:23:32', '2015-03-22 18:23:32'),
(286, 103, 'イチロー', '', '2015-03-22 18:23:37', '2015-03-22 18:23:37'),
(287, 103, '%E9%95%B7%E6%B8%95', '', '2015-03-22 18:27:33', '2015-03-22 18:27:33'),
(288, 103, '長渕', '', '2015-03-22 18:27:37', '2015-03-22 18:27:37'),
(289, 103, '%E6%9C%89%E5%90%89', '', '2015-03-28 13:54:51', '2015-03-28 13:54:51'),
(290, 103, '有吉', '', '2015-03-28 13:54:56', '2015-03-28 13:54:56'),
(291, 103, '%E6%9C%89%E5%90%89', '', '2015-03-28 14:10:49', '2015-03-28 14:10:49'),
(292, 103, '有吉', '', '2015-03-28 14:10:51', '2015-03-28 14:10:51'),
(293, 103, '%E8%B5%A4%E7%BE%BD', '', '2015-03-28 14:11:17', '2015-03-28 14:11:17'),
(294, 103, '赤羽', '', '2015-03-28 14:11:20', '2015-03-28 14:11:20'),
(295, 103, '%E3%81%95%E3%81%8F%E3%82%89', '', '2015-03-28 14:13:25', '2015-03-28 14:13:25'),
(296, 103, 'さくら', '', '2015-03-28 14:13:27', '2015-03-28 14:13:27'),
(297, 103, '%E9%87%91%E6%B2%A2', '', '2015-03-28 15:34:44', '2015-03-28 15:34:44'),
(298, 103, '金沢', '', '2015-03-28 15:34:49', '2015-03-28 15:34:49'),
(299, 103, '%E9%AD%9A', '', '2015-03-28 15:35:22', '2015-03-28 15:35:22'),
(300, 103, '%E5%88%BA%E8%BA%AB', '', '2015-03-28 15:47:31', '2015-03-28 15:47:31'),
(301, 103, '%E6%9D%BE%E6%9C%AC', '', '2015-03-28 15:49:17', '2015-03-28 15:49:17'),
(302, 103, '%E4%B8%83%E5%B0%BE', '', '2015-03-28 16:06:02', '2015-03-28 16:06:02'),
(303, 103, '七尾', '', '2015-03-28 16:19:23', '2015-03-28 16:19:23'),
(304, 103, '%E4%B8%83%E5%B0%BE%E3%81%8B%E3%81%95', '', '2015-03-28 16:19:41', '2015-03-28 16:19:41'),
(305, 103, '七尾かさ', '', '2015-03-28 16:19:45', '2015-03-28 16:19:45'),
(306, 105, '%E3%83%91%E3%82%BA%E3%83%89%E3%83%A9', '', '2015-03-28 17:48:30', '2015-03-28 17:48:30'),
(307, 106, '%E6%9C%89%E5%90%89', '', '2015-03-28 17:51:03', '2015-03-28 17:51:03'),
(308, 106, '有吉', '', '2015-03-28 17:51:07', '2015-03-28 17:51:07'),
(309, 106, '%E3%83%89%E3%83%A9%E3%83%9E', '', '2015-03-28 17:51:25', '2015-03-28 17:51:25'),
(310, 106, 'ドラマ', '', '2015-03-28 17:51:29', '2015-03-28 17:51:29'),
(311, 106, '%E3%81%8A%E7%AC%91%E3%81%84', '', '2015-03-28 17:51:42', '2015-03-28 17:51:42'),
(312, 106, 'お笑い', '', '2015-03-28 17:51:45', '2015-03-28 17:51:45'),
(313, 105, '%E3%83%9E%E3%83%9F%E3%83%AB%E3%83%88%E3%83%B3', '', '2015-03-28 18:05:24', '2015-03-28 18:05:24'),
(314, 103, '有吉', '', '2015-04-04 20:08:55', '2015-04-04 20:08:55'),
(315, 103, '長渕', '', '2015-04-04 20:09:14', '2015-04-04 20:09:14'),
(316, 107, '長渕', '', '2015-04-04 20:10:03', '2015-04-04 20:10:03'),
(317, 107, '長渕', '', '2015-04-04 20:10:26', '2015-04-04 20:10:26'),
(318, 107, '民生', '', '2015-04-04 20:11:28', '2015-04-04 20:11:28'),
(319, 107, 'ベイビーレイズ', '', '2015-04-04 20:12:25', '2015-04-04 20:12:25'),
(320, 107, 'ベイビーレイズ', '', '2015-04-04 20:12:45', '2015-04-04 20:12:45'),
(321, 109, '有吉', '', '2015-04-05 13:54:17', '2015-04-05 13:54:17'),
(322, 109, '高橋ひかる', '', '2015-04-05 13:54:47', '2015-04-05 13:54:47'),
(323, 109, '橋本かんな', '', '2015-04-05 13:56:11', '2015-04-05 13:56:11'),
(324, 108, 'でんぱ組', '', '2015-04-05 14:08:03', '2015-04-05 14:08:03'),
(325, 108, 'babymetal', '', '2015-04-05 14:12:37', '2015-04-05 14:12:37'),
(326, 97, 'ユニコーン', '', '2015-04-05 14:17:01', '2015-04-05 14:17:01'),
(327, 97, 'ユニコーン', '', '2015-04-05 14:18:01', '2015-04-05 14:18:01'),
(328, 97, '安室奈美恵', '', '2015-04-05 14:18:15', '2015-04-05 14:18:15'),
(329, 97, '安室奈美恵', '', '2015-04-05 14:18:20', '2015-04-05 14:18:20'),
(330, 108, 'ベイビーレイズ', '', '2015-04-05 14:18:23', '2015-04-05 14:18:23'),
(331, 110, '安室奈美恵', '', '2015-04-05 14:24:33', '2015-04-05 14:24:33'),
(332, 110, '安室奈美恵', '', '2015-04-05 14:24:38', '2015-04-05 14:24:38'),
(333, 111, '安室奈美恵', '', '2015-04-05 14:26:12', '2015-04-05 14:26:12'),
(334, 111, '安室奈美恵', '', '2015-04-05 14:26:26', '2015-04-05 14:26:26'),
(335, 111, 'ユニコーン', '', '2015-04-05 14:26:53', '2015-04-05 14:26:53'),
(336, 111, 'ユニコーン', '', '2015-04-05 14:31:05', '2015-04-05 14:31:05'),
(337, 112, '国士無双', '', '2015-04-05 14:33:01', '2015-04-05 14:33:01'),
(338, 112, 'ベビーメタル', '', '2015-04-05 14:34:08', '2015-04-05 14:34:08'),
(339, 112, 'ベビーメタル', '', '2015-04-05 14:34:16', '2015-04-05 14:34:16'),
(340, 113, '安室奈美恵', '', '2015-04-05 14:39:00', '2015-04-05 14:39:00'),
(341, 113, 'ユニコーン', '', '2015-04-05 14:40:28', '2015-04-05 14:40:28'),
(342, 108, '二階堂ふみ', '', '2015-04-05 14:40:36', '2015-04-05 14:40:36'),
(343, 114, 'ベビーメタル', '', '2015-04-05 14:59:27', '2015-04-05 14:59:27'),
(344, 114, '有吉', '', '2015-04-05 14:59:48', '2015-04-05 14:59:48'),
(345, 108, '能年玲奈', '', '2015-04-05 17:55:50', '2015-04-05 17:55:50'),
(346, 108, '能年玲奈', '', '2015-04-05 17:58:50', '2015-04-05 17:58:50'),
(347, 108, 'ラブライブ', '', '2015-04-05 18:14:17', '2015-04-05 18:14:17'),
(348, 114, '安室奈美恵', '', '2015-04-05 18:23:11', '2015-04-05 18:23:11'),
(349, 108, 'muse', '', '2015-04-05 18:23:33', '2015-04-05 18:23:33'),
(350, 114, 'さかなくん', '', '2015-04-05 18:24:38', '2015-04-05 18:24:38'),
(351, 113, '龍が如く', '', '2015-04-05 18:26:51', '2015-04-05 18:26:51'),
(352, 113, 'プロ野球', '', '2015-04-05 18:27:46', '2015-04-05 18:27:46'),
(353, 113, 'babymetal', '', '2015-04-05 18:30:52', '2015-04-05 18:30:52'),
(354, 113, '長渕剛', '', '2015-04-05 18:32:10', '2015-04-05 18:32:10'),
(355, 115, 'babymetal', '', '2015-04-05 18:50:29', '2015-04-05 18:50:29'),
(356, 115, 'one okrock', '', '2015-04-05 18:52:47', '2015-04-05 18:52:47'),
(357, 116, 'babymetal', '', '2015-04-05 18:54:15', '2015-04-05 18:54:15'),
(358, 116, 'one okrock', '', '2015-04-05 18:54:40', '2015-04-05 18:54:40'),
(359, 118, 'babymetal', '', '2015-04-05 18:55:45', '2015-04-05 18:55:45'),
(360, 117, 'でんぱ組', '', '2015-04-05 18:56:00', '2015-04-05 18:56:00'),
(361, 117, 'ベイビーレイズ', '', '2015-04-05 18:56:12', '2015-04-05 18:56:12'),
(362, 118, 'サッカー日本代表', '', '2015-04-05 18:56:22', '2015-04-05 18:56:22'),
(363, 117, 'babymetal', '', '2015-04-05 18:56:33', '2015-04-05 18:56:33'),
(364, 119, 'サッカー日本代表', '', '2015-04-05 18:57:29', '2015-04-05 18:57:29'),
(365, 119, 'あまちゃん', '', '2015-04-05 18:58:41', '2015-04-05 18:58:41'),
(366, 119, '長渕剛', '', '2015-04-05 18:59:32', '2015-04-05 18:59:32'),
(367, 119, 'ベビーメタル', '', '2015-04-11 14:43:48', '2015-04-11 14:43:48'),
(368, 119, 'マイケル・ジャクソン　ブラック', '', '2015-04-11 14:48:20', '2015-04-11 14:48:20'),
(369, 119, 'りたれい', '', '2015-04-11 14:56:33', '2015-04-11 14:56:33'),
(370, 114, 'マツコ', '', '2015-04-18 14:25:14', '2015-04-18 14:25:14'),
(371, 114, 'やらせ', '', '2015-04-18 14:27:17', '2015-04-18 14:27:17'),
(372, 114, '橋本かんな', '', '2015-04-18 14:28:20', '2015-04-18 14:28:20'),
(373, 114, '赤羽', '', '2015-04-18 14:31:12', '2015-04-18 14:31:12'),
(374, 114, '青森', '', '2015-04-18 14:31:29', '2015-04-18 14:31:29'),
(375, 114, 'すすきの', '', '2015-04-18 14:31:52', '2015-04-18 14:31:52'),
(376, 120, 'ドローン', '', '2015-05-04 13:53:24', '2015-05-04 13:53:24'),
(377, 123, 'drone', '', '2015-05-04 14:09:38', '2015-05-04 14:09:38'),
(378, 123, 'phantom3', '', '2015-05-04 14:10:05', '2015-05-04 14:10:05'),
(379, 123, 'RHYMESTER', '', '2015-05-04 15:32:02', '2015-05-04 15:32:02'),
(380, 120, 'babymetal', '', '2015-05-04 15:33:01', '2015-05-04 15:33:01'),
(381, 123, 'マッドマックス', '', '2015-05-04 15:33:39', '2015-05-04 15:33:39'),
(382, 120, '赤羽', '', '2015-05-09 17:41:23', '2015-05-09 17:41:23'),
(383, 120, 'イチロー', '', '2015-05-09 18:31:55', '2015-05-09 18:31:55'),
(384, 120, 'drops 未来', '', '2015-05-10 10:53:32', '2015-05-10 10:53:32'),
(385, 125, 'ドローン', '', '2015-05-10 10:57:51', '2015-05-10 10:57:51'),
(386, 125, '松本人志', '', '2015-05-10 11:07:18', '2015-05-10 11:07:18'),
(387, 125, '本田圭佑', '', '2015-05-10 11:08:34', '2015-05-10 11:08:34'),
(388, 128, '有吉', '', '2015-05-17 10:13:19', '2015-05-17 10:13:19'),
(389, 129, 'ドローン', '', '2015-05-17 16:20:18', '2015-05-17 16:20:18'),
(390, 129, '本田圭佑', '', '2015-05-17 16:21:58', '2015-05-17 16:21:58'),
(391, 129, 'あ', '', '2015-05-18 11:41:04', '2015-05-18 11:41:04'),
(392, 131, 'drone', '', '2015-05-24 13:51:12', '2015-05-24 13:51:12'),
(393, 131, '兄者弟者', '', '2015-05-24 13:53:34', '2015-05-24 13:53:34'),
(394, 131, 'メタルギア', '', '2015-05-24 13:55:02', '2015-05-24 13:55:02'),
(395, 131, '松本人志', '', '2015-05-24 14:19:39', '2015-05-24 14:19:39'),
(396, 131, 'babymetal', '', '2015-05-24 14:21:47', '2015-05-24 14:21:47'),
(397, 131, 'MADMAX', '', '2015-05-24 14:22:37', '2015-05-24 14:22:37'),
(398, 130, '吉河順央', '', '2015-05-24 17:14:10', '2015-05-24 17:14:10'),
(399, 130, 'lazy gung', '', '2015-05-24 17:30:19', '2015-05-24 17:30:19'),
(400, 134, '有吉', '', '2015-06-13 15:59:55', '2015-06-13 15:59:55'),
(401, 134, '浅香', '', '2015-06-13 16:07:00', '2015-06-13 16:07:00'),
(402, 137, 'drone', '', '2015-07-05 18:03:43', '2015-07-05 18:03:43'),
(403, 137, 'phantom3 pro 東京スカイツリー', '', '2015-07-26 13:59:03', '2015-07-26 13:59:03'),
(404, 142, 'ドローン', '', '2015-12-29 16:15:50', '2015-12-29 16:15:50'),
(405, 143, '水曜日のカンパネラ', '', '2016-01-12 10:03:56', '2016-01-12 10:03:56');

-- --------------------------------------------------------

--
-- テーブルの構造 `members`
--

CREATE TABLE `members` (
  `id` int(11) NOT NULL,
  `name` varchar(255) COLLATE utf8_unicode_ci NOT NULL,
  `email` varchar(255) COLLATE utf8_unicode_ci NOT NULL,
  `password` varchar(100) COLLATE utf8_unicode_ci NOT NULL,
  `picture` varchar(255) COLLATE utf8_unicode_ci NOT NULL,
  `created` datetime NOT NULL,
  `modified` timestamp NOT NULL DEFAULT CURRENT_TIMESTAMP ON UPDATE CURRENT_TIMESTAMP
) ENGINE=InnoDB DEFAULT CHARSET=utf8 COLLATE=utf8_unicode_ci;

--
-- テーブルのデータのダンプ `members`
--

INSERT INTO `members` (`id`, `name`, `email`, `password`, `picture`, `created`, `modified`) VALUES
(1, 'yoshi', 'yoshi@gmail.com', '7yoshi', 'meber.jpg', '2019-02-07 20:55:13', '2019-02-07 11:55:13');

-- --------------------------------------------------------

--
-- テーブルの構造 `movins`
--

CREATE TABLE `movins` (
  `id` int(11) NOT NULL,
  `user_id` bigint(20) NOT NULL,
  `name` varchar(100) NOT NULL,
  `description` text NOT NULL,
  `created` datetime DEFAULT NULL,
  `modified` datetime DEFAULT NULL
) ENGINE=InnoDB DEFAULT CHARSET=utf8;

-- --------------------------------------------------------

--
-- テーブルの構造 `php02_table`
--

CREATE TABLE `php02_table` (
  `id` int(12) NOT NULL,
  `task` varchar(64) COLLATE utf8_unicode_ci NOT NULL,
  `deadline` date NOT NULL,
  `comment` text COLLATE utf8_unicode_ci,
  `indate` datetime NOT NULL
) ENGINE=InnoDB DEFAULT CHARSET=utf8 COLLATE=utf8_unicode_ci;

--
-- テーブルのデータのダンプ `php02_table`
--

INSERT INTO `php02_table` (`id`, `task`, `deadline`, `comment`, `indate`) VALUES
(1, '課題', '2019-02-07', '難しい', '2019-02-02 15:19:28'),
(2, '課題2', '2019-02-07', '難しい', '2019-02-02 15:21:43'),
(3, '課題3', '2019-02-07', 'ばり難い', '2019-02-02 15:22:18'),
(4, '課題4', '2019-02-08', 'バリバリむずい', '2019-02-02 15:22:57'),
(5, '課題5', '2019-02-09', 'かなり難しい', '2019-02-02 15:23:23'),
(6, '課題6', '2019-02-10', 'めちゃ難しい', '2019-02-02 15:23:53'),
(7, '課題7', '2019-02-11', 'めちゃめちゃ難しい', '2019-02-02 15:24:18'),
(8, '課題8', '2019-02-12', '難しい', '2019-02-02 15:24:48'),
(9, '課題9', '2019-02-13', '辛く難しい', '2019-02-02 15:25:11'),
(10, '課題10', '2019-02-14', '激しく難しい', '2019-02-02 15:25:33'),
(11, '課題', '2019-02-07', '頑張る', '2019-02-02 16:31:45'),
(12, 'DB接続', '2019-02-02', 'ここまで', '2019-02-02 16:34:08'),
(13, 'DB接続', '2019-02-02', 'ここまで', '2019-02-02 16:59:46'),
(14, 'DB接続', '2019-02-19', 'やばい', '2019-02-02 17:05:21'),
(15, 'DB接続', '2019-02-21', 'テスト', '2019-02-02 17:37:07');

-- --------------------------------------------------------

--
-- テーブルの構造 `posts`
--

CREATE TABLE `posts` (
  `id` int(11) NOT NULL,
  `member_id` int(11) NOT NULL,
  `reply_post_id` int(11) NOT NULL,
  `message` text NOT NULL,
  `created` datetime NOT NULL,
  `modified` timestamp NOT NULL DEFAULT CURRENT_TIMESTAMP ON UPDATE CURRENT_TIMESTAMP
) ENGINE=InnoDB DEFAULT CHARSET=utf8;

--
-- テーブルのデータのダンプ `posts`
--

INSERT INTO `posts` (`id`, `member_id`, `reply_post_id`, `message`, `created`, `modified`) VALUES
(1, 0, 0, 'kimuchi', '2019-02-07 20:59:22', '2019-02-07 11:59:22');

-- --------------------------------------------------------

--
-- テーブルの構造 `shares`
--

CREATE TABLE `shares` (
  `id` int(11) NOT NULL,
  `user_id` bigint(20) NOT NULL,
  `name` varchar(100) NOT NULL,
  `description` text NOT NULL,
  `created` datetime DEFAULT NULL,
  `modified` datetime DEFAULT NULL
) ENGINE=InnoDB DEFAULT CHARSET=utf8;

-- --------------------------------------------------------

--
-- テーブルの構造 `stores`
--

CREATE TABLE `stores` (
  `id` int(11) NOT NULL,
  `user_id` bigint(20) NOT NULL,
  `name` varchar(100) NOT NULL,
  `description` text NOT NULL,
  `created` datetime DEFAULT NULL,
  `modified` datetime DEFAULT NULL
) ENGINE=InnoDB DEFAULT CHARSET=utf8;

-- --------------------------------------------------------

--
-- テーブルの構造 `users`
--

CREATE TABLE `users` (
  `id` bigint(20) NOT NULL,
  `uuid` varchar(255) NOT NULL,
  `movinid` varchar(255) NOT NULL,
  `group` tinyint(4) NOT NULL,
  `username` varchar(100) NOT NULL,
  `name` varchar(100) NOT NULL,
  `password` varchar(255) NOT NULL,
  `email` varchar(255) NOT NULL,
  `description` text NOT NULL,
  `valide` tinyint(4) NOT NULL,
  `created` datetime DEFAULT NULL,
  `modified` datetime DEFAULT NULL
) ENGINE=InnoDB DEFAULT CHARSET=utf8;

--
-- テーブルのデータのダンプ `users`
--

INSERT INTO `users` (`id`, `uuid`, `movinid`, `group`, `username`, `name`, `password`, `email`, `description`, `valide`, `created`, `modified`) VALUES
(3, '', 'naxis', 1, 'alexis', 'alexis', '$2a$10$zR5Hd01M1vzefCacSseMqOwm459xWoaChEWU3CcvnrnP/phbf31nO', '', 'test', 1, '2014-10-06 00:16:37', '2014-10-06 00:16:37'),
(4, 'alexis', 'alexis', 0, '', '', '', '', '', 0, '2014-11-16 05:57:09', '2014-11-16 05:57:09'),
(5, '', 'user-identifier', 0, '', '', '', '', '', 0, '2014-11-16 06:33:21', '2014-11-16 06:33:21'),
(6, '', '8f2c51e485664aadbdcc64764433a297', 0, '', '', '', '', '', 0, '2014-11-29 06:02:41', '2014-11-29 06:02:41'),
(7, '', 'fjksfjaslkjflskgj', 0, '', '', '', '', '', 0, '2014-12-06 05:32:16', '2014-12-06 05:32:16'),
(9, '', 'wewr3434', 0, '', '', '', '', '', 0, '2014-12-06 06:29:28', '2014-12-06 06:29:28'),
(12, '', 'l2dyKoZH', 0, '', '', '', '', '', 0, '2014-12-06 08:48:40', '2014-12-06 08:48:40'),
(13, '', 'ZpyRncny', 0, '', '', '', '', '', 0, '2014-12-06 08:50:16', '2014-12-06 08:50:16'),
(14, '', 'dVDRcXTV', 0, '', '', '', '', '', 0, '2014-12-06 08:51:29', '2014-12-06 08:51:29'),
(15, '', 'qdHsKD7R', 0, '', '', '', '', '', 0, '2014-12-06 08:54:25', '2014-12-06 08:54:25'),
(16, '', 'kIRXHWDe', 0, '', '', '', '', '', 0, '2014-12-06 08:55:04', '2014-12-06 08:55:04'),
(17, '', 'KEj5Slmv', 0, '', '', '', '', '', 0, '2014-12-06 08:56:00', '2014-12-06 08:56:00'),
(18, '', 'yhbf5EZf', 0, '', '', '', '', '', 0, '2014-12-06 08:56:15', '2014-12-06 08:56:15'),
(19, '', '000V6dLM', 0, '', '', '', '', '', 0, '2014-12-06 08:56:32', '2014-12-06 08:56:32'),
(20, '', 'Se9P8QIR', 0, '', '', '', '', '', 0, '2014-12-06 08:56:57', '2014-12-06 08:56:57'),
(21, '', 'gXDwmBX0', 0, '', '', '', '', '', 0, '2014-12-06 12:35:05', '2014-12-06 12:35:05'),
(22, '', 'rs1Eblfe', 0, '', '', '', '', '', 0, '2014-12-06 12:35:12', '2014-12-06 12:35:12'),
(23, '', 'DmZIiwjC', 0, '', '', '', '', '', 0, '2014-12-06 12:35:27', '2014-12-06 12:35:27'),
(24, '', 'D5hp3Sa7', 0, '', '', '', '', '', 0, '2014-12-07 00:45:02', '2014-12-07 00:45:02'),
(25, '', 'MEsiEr0g', 0, '', '', '', '', '', 0, '2014-12-07 00:45:06', '2014-12-07 00:45:06'),
(26, '', 'nZm8xza6', 0, '', '', '', '', '', 0, '2014-12-07 06:36:43', '2014-12-07 06:36:43'),
(27, '', 'gtTGr5rC', 0, '', '', '', '', '', 0, '2014-12-07 06:43:45', '2014-12-07 06:43:45'),
(28, '', 'IAcMQ1oh', 0, '', '', '', '', '', 0, '2014-12-07 06:43:50', '2014-12-07 06:43:50'),
(29, '', 'U9gisPj9', 0, '', '', '', '', '', 0, '2014-12-07 07:42:36', '2014-12-07 07:42:36'),
(30, 'wewr3434', 'Ss2JAwxc', 0, '', '', '', '', '', 0, '2014-12-07 07:45:11', '2014-12-07 07:45:11'),
(31, 'wewr3434', 'Wvtgyi6U', 0, '', '', '', '', '', 0, '2014-12-07 07:56:01', '2014-12-07 07:56:01'),
(32, 'fea03e67f9954af2a728d674cf22e39c', 'y7J7c56m', 0, '', '', '', '', '', 0, '2014-12-13 05:58:30', '2014-12-13 05:58:30'),
(33, '3a539a9f0e2c4aaf8bb8390e897cad63', 'VrAA8iAz', 0, '', '', '', '', '', 0, '2014-12-13 05:58:33', '2014-12-13 05:58:33'),
(34, 'f6a78e926bc54faabd320c273ba5d492', 'TzQBKU4c', 0, '', '', '', '', '', 0, '2014-12-13 06:04:26', '2014-12-13 06:04:26'),
(35, 'user-identifier', 'jGcBpd8V', 0, '', '', '', '', '', 0, '2014-12-13 06:07:47', '2014-12-13 06:07:47'),
(36, 'user-identifier', 'vbLpcvhi', 0, '', '', '', '', '', 0, '2014-12-13 06:15:30', '2014-12-13 06:15:30'),
(37, '5b96952713b849ac8b45c01f87b94a76', 'AyIIXUyA', 0, '', '', '', '', '', 0, '2014-12-13 06:20:18', '2014-12-13 06:20:18'),
(38, 'ad631b17f7e0467eae2ee0462087377b', 'nK0JSZlj', 0, '', '', '', '', '', 0, '2014-12-13 06:20:34', '2014-12-13 06:20:34'),
(39, 'c29f27416a0d4a64acf0d21eab631b9e', '5YaB3g6t', 0, '', '', '', '', '', 0, '2014-12-13 06:22:25', '2014-12-13 06:22:25'),
(40, 'c4cf722edf8047fcbf4424ff06cf3a61', 'cosnr11I', 0, '', '', '', '', '', 0, '2014-12-13 06:24:27', '2014-12-13 06:24:27'),
(41, 'fdf2ea641f7b4101897dbbeec446f111', '8JGdIo8r', 0, '', '', '', '', '', 0, '2014-12-13 06:24:33', '2014-12-13 06:24:33'),
(42, '0e9e5403608145db8ab00e3980eef0e5', 'lI7yNtQQ', 0, '', '', '', '', '', 0, '2014-12-13 06:27:10', '2014-12-13 06:27:10'),
(43, '69da184325e841e5a18346087c1068f1', '5qcZFQKI', 0, '', '', '', '', '', 0, '2014-12-13 06:30:35', '2014-12-13 06:30:35'),
(44, '4c871050d4e74c489138aad9d4f003d4', 'ip6AU39G', 0, '', '', '', '', '', 0, '2014-12-13 06:31:42', '2014-12-13 06:31:42'),
(45, '7e73b039ca4e446283d318fb4c9d469f', 'FI17lCva', 0, '', '', '', '', '', 0, '2014-12-13 06:31:59', '2014-12-13 06:31:59'),
(46, 'dadb7f3540b2440c80fb48eec88e6156', 'T8JDwmx8', 0, '', '', '', '', '', 0, '2014-12-14 04:48:19', '2014-12-14 04:48:19'),
(47, '389607dd200b4b79bf60bc613147dd5b', 'HeMBaKfR', 0, '', '', '', '', '', 0, '2014-12-14 07:56:02', '2014-12-14 07:56:02'),
(48, '110d56e11aad4cef9ba00a5f182b2982', 'Tyufs2xo', 0, '', '', '', '', '', 0, '2014-12-14 09:04:52', '2014-12-14 09:04:52'),
(49, '8a056cb71d294997a20b2fcc759572d6', 'T5inDfyg', 0, '', '', '', '', '', 0, '2014-12-14 14:47:14', '2014-12-14 14:47:14'),
(50, '000f387e0d734512be6cff6fd5f2a3f0', 'bvRXNjZd', 0, '', '', '', '', '', 0, '2014-12-14 14:47:22', '2014-12-14 14:47:22'),
(51, '698886b941504763b0e0577ea05a630c', '43IadytA', 0, '', '', '', '', '', 0, '2014-12-19 00:19:58', '2014-12-19 00:19:58'),
(52, 'c7a975a2e9b146308ad221b22daefeec', 'dP2IxVwd', 0, '', '', '', '', '', 0, '2014-12-20 04:58:53', '2014-12-20 04:58:53'),
(53, '17966af609d644b599dbf9ef03804a3b', 'WDFlF1sB', 0, '', '', '', '', '', 0, '2014-12-20 05:05:34', '2014-12-20 05:05:34'),
(54, '2eead091a58e4bde8bc8c872a2f8093b', 'bL4GZhbc', 0, '', '', '', '', '', 0, '2014-12-20 05:14:34', '2014-12-20 05:14:34'),
(55, 'b04fa9f832da4627a4de1d4136ce5fd0', 'mbePKzCR', 0, '', '', '', '', '', 0, '2014-12-20 08:05:05', '2014-12-20 08:05:05'),
(56, '252c3c66131b4087b38e25a474e4193a', '4Bc3uY5p', 0, '', '', '', '', '', 0, '2014-12-21 04:47:30', '2014-12-21 04:47:30'),
(57, '36b4884c5a334bd18748d1bfe41155bc', 'jFPASiGM', 0, '', '', '', '', '', 0, '2014-12-21 05:17:08', '2014-12-21 05:17:08'),
(58, '451f6253173d4f36b11fe6fa058d71a3', 'gfw1Dv41', 0, '', '', '', '', '', 0, '2014-12-21 08:40:33', '2014-12-21 08:40:33'),
(59, '124139a230674a4ea0346790259e1a73', 'AxoCTuSq', 0, '', '', '', '', '', 0, '2014-12-23 07:26:43', '2014-12-23 07:26:43'),
(60, 'c3a1ac77380f4e69ba7f25f356d6a1f5', 'sTNDA0VY', 0, '', '', '', '', '', 0, '2014-12-23 07:55:34', '2014-12-23 07:55:34'),
(61, 'b5e9b5ab4df34758b01175ea849b2f71', '0IYmmSpi', 0, '', '', '', '', '', 0, '2014-12-23 07:57:39', '2014-12-23 07:57:39'),
(62, 'b5b9caa8e96743b6b4bbeb4f350b06e3', 'DyPIkInd', 0, '', '', '', '', '', 0, '2014-12-29 16:55:30', '2014-12-29 16:55:30'),
(63, '489779c097a7409ea3895715621600b8', 'LvCVSz4h', 0, '', '', '', '', '', 0, '2014-12-29 17:18:14', '2014-12-29 17:18:14'),
(64, '80a083987a43475b91d6412246b530d6', 'rAgz20Tm', 0, '', '', '', '', '', 0, '2015-01-04 18:49:13', '2015-01-04 18:49:13'),
(65, '53b716f775fe41259649102323110d3a', 'EKOkZSJi', 0, '', '', '', '', '', 0, '2015-01-17 15:25:33', '2015-01-17 15:25:33'),
(66, '19348eaeb322421bbff8845de139d787', 'g4nhRoeS', 0, '', '', '', '', '', 0, '2015-01-18 14:08:51', '2015-01-18 14:08:51'),
(67, 'b725562387824fe4a8100b14ebb1d187', 'sXGhlBNH', 0, '', '', '', '', '', 0, '2015-01-18 14:55:06', '2015-01-18 14:55:06'),
(68, 'a8f61f992c2b439b9c29a2ab59f9c807', 'MAVf7Etn', 0, '', '', '', '', '', 0, '2015-01-18 15:00:36', '2015-01-18 15:00:36'),
(69, '5e0db881dd754b3ab0d0a72658417a4a', 'gucRtfqy', 0, '', '', '', '', '', 0, '2015-01-18 15:45:25', '2015-01-18 15:45:25'),
(70, '430def777ecc4eeca89a57151b7e4844', 'DnxPva3v', 0, '', '', '', '', '', 0, '2015-01-18 15:51:23', '2015-01-18 15:51:23'),
(71, 'a92bd6a90aa44d7eb47c660123a1a9ed', 'laBIicpQ', 0, '', '', '', '', '', 0, '2015-01-18 15:53:49', '2015-01-18 15:53:49'),
(72, '79b9432bd9ee482a9a5cb873db5d5918', 'vI1i5Gci', 0, '', '', '', '', '', 0, '2015-01-18 16:03:47', '2015-01-18 16:03:47'),
(73, 'aa6f2bcff79f4d40aaa60613e06bae01', 'FMWslbpr', 0, '', '', '', '', '', 0, '2015-01-18 16:08:26', '2015-01-18 16:08:26'),
(74, 'a439f7ff7c424b40b13c55538dd6b7b6', 'XoWChNGa', 0, '', '', '', '', '', 0, '2015-01-18 16:13:20', '2015-01-18 16:13:20'),
(75, '3b5cd1a3f3744cae9ce2c31d3f34f447', 'L1N4hOZx', 0, '', '', '', '', '', 0, '2015-01-18 16:16:20', '2015-01-18 16:16:20'),
(76, 'a6c8ea5feb5144468dc3a0ca5ad2b377', '5CC4EDZH', 0, '', '', '', '', '', 0, '2015-01-18 17:47:06', '2015-01-18 17:47:06'),
(77, 'ead1100c08f647c48d4cc25ccd14edbe', 'Xk1FkOzM', 0, '', '', '', '', '', 0, '2015-01-18 17:48:00', '2015-01-18 17:48:00'),
(78, '6c9cc9bdc0db455493ff00bf8ff17de4', 'cEKLbay1', 0, '', '', '', '', '', 0, '2015-01-18 17:48:59', '2015-01-18 17:48:59'),
(79, '3ffec80118e24fb5bfd151988be15e64', 'HkgSLDAu', 0, '', '', '', '', '', 0, '2015-01-18 17:49:06', '2015-01-18 17:49:06'),
(80, '191602d3bd22404ca6a61e4e474b459e', 'rwylY38W', 0, '', '', '', '', '', 0, '2015-01-24 14:49:31', '2015-01-24 14:49:31'),
(81, '813d634610bc411e947fed4fa2c656cf', 'NkZC51xQ', 0, '', '', '', '', '', 0, '2015-01-24 15:55:31', '2015-01-24 15:55:31'),
(82, 'ea68076040f347aaaff847989415485a', 'SnadOJ24', 0, '', '', '', '', '', 0, '2015-01-24 16:27:51', '2015-01-24 16:27:51'),
(83, '139883d6be7a43798f34e3e381d92e5a', 'HiHK1tst', 0, '', '', '', '', '', 0, '2015-01-24 18:08:24', '2015-01-24 18:08:24'),
(84, '9a85e330b4c147139e6ffb34d0a60d5a', '3xgS11IN', 0, '', '', '', '', '', 0, '2015-01-24 18:09:58', '2015-01-24 18:09:58'),
(85, 'd5af097607b7414b945507ec1a296c74', 'By0JIxOA', 0, '', '', '', '', '', 0, '2015-01-24 18:11:21', '2015-01-24 18:11:21'),
(86, '91c9de9b45204a0ab7a6a4de40a964f4', 'riHI968E', 0, '', '', '', '', '', 0, '2015-01-24 18:13:39', '2015-01-24 18:13:39'),
(87, 'bdb01c97be5e446581678f31060a2e96', 'QRDEKPZJ', 0, '', '', '', '', '', 0, '2015-01-25 14:19:26', '2015-01-25 14:19:26'),
(88, '1d51af1e168f478bb5ebbdaafa0cf892', '2pyvvj6t', 0, '', '', '', '', '', 0, '2015-01-25 14:24:16', '2015-01-25 14:24:16'),
(89, '3da3197523cf48bf87026c17336c7983', 'FCSatGSu', 0, '', '', '', '', '', 0, '2015-01-25 14:26:41', '2015-01-25 14:26:41'),
(90, '33ae4621fab144f5af4cfd6050f4e38e', '8xyqo5la', 0, '', '', '', '', '', 0, '2015-01-25 14:30:09', '2015-01-25 14:30:09'),
(91, '6758084f36da4421ba1e70e66e65a7cf', '8a8UYpcr', 0, '', '', '', '', '', 0, '2015-01-25 14:48:31', '2015-01-25 14:48:31'),
(92, 'e0e79634171b49a2963f48f5d35f859d', 'CNXF9lmP', 0, '', '', '', '', '', 0, '2015-01-25 15:05:21', '2015-01-25 15:05:21'),
(93, 'a69abad92ea74c76af9cea61244edc60', '2aZWGUXd', 0, '', '', '', '', '', 0, '2015-01-25 15:12:24', '2015-01-25 15:12:24'),
(94, '826dc0a1a12a46c9a8c894a600a3e2e5', 'jPJ09LYk', 0, '', '', '', '', '', 0, '2015-01-25 15:24:06', '2015-01-25 15:24:06'),
(95, 'b21a2986cf3c42f69d7604a8a4f93836', '7obSiyoO', 0, '', '', '', '', '', 0, '2015-01-25 16:14:21', '2015-01-25 16:14:21'),
(96, '6d61af7f75404935b852fc7a484b4657', 'ZevGNacE', 0, '', '', '', '', '', 0, '2015-01-25 17:04:17', '2015-01-25 17:04:17'),
(97, 'f2289e7513e24be7b040aa48088e876f', 'UF5FXax5', 0, '', '', '', '', '', 0, '2015-01-25 17:59:51', '2015-01-25 17:59:51'),
(98, 'e8cdbcd60c9e44e6940de228167d9fe2', 'SsRL5Wyg', 0, '', '', '', '', '', 0, '2015-01-25 18:01:33', '2015-01-25 18:01:33'),
(99, '29e89e3ecf9143f28c36eec37a1c9c33', 'BrgrQhcH', 0, '', '', '', '', '', 0, '2015-02-22 14:39:12', '2015-02-22 14:39:12'),
(100, 'bdb2ecc9257a4bc89e23134c27845479', '8Tdd7KCJ', 0, '', '', '', '', '', 0, '2015-02-22 17:27:59', '2015-02-22 17:27:59'),
(101, '1d089f38631c462594496544d9037bbd', 'LPXnAJWc', 0, '', '', '', '', '', 0, '2015-02-28 13:41:41', '2015-02-28 13:41:41'),
(102, '9395c47fa4724d4d9708b723e21f64e8', '4B4fTvmU', 0, '', '', '', '', '', 0, '2015-03-07 16:31:08', '2015-03-07 16:31:08'),
(103, 'd5662f8454c84c12aaff25f63aaea586', 'xSeAtnUM', 0, '', '', '', '', '', 0, '2015-03-08 18:11:06', '2015-03-08 18:11:06'),
(104, '28d560817582463d88a8386dbe12b5eb', 'aOaTBWyx', 0, '', '', '', '', '', 0, '2015-03-14 14:04:49', '2015-03-14 14:04:49'),
(105, '3d435bee0c8a406f8294f09e25e80fb1', '3D2oiKxw', 0, '', '', '', '', '', 0, '2015-03-14 14:05:05', '2015-03-14 14:05:05'),
(106, '9e7d69518e7447bdbfc61fe2d3420a49', 'POlMhE9a', 0, '', '', '', '', '', 0, '2015-03-28 17:50:29', '2015-03-28 17:50:29'),
(107, '60c612eb3cb94881869e8737cbe95cdf', 'kwr68Jhz', 0, '', '', '', '', '', 0, '2015-04-04 20:09:51', '2015-04-04 20:09:51'),
(108, '82e4026ce0624f02b2ddbe34dbc16d9f', 'U5XxvD2f', 0, '', '', '', '', '', 0, '2015-04-04 20:24:58', '2015-04-04 20:24:58'),
(109, '73be398c71af4a63827665329644e342', 'SYzsEZyp', 0, '', '', '', '', '', 0, '2015-04-05 13:53:38', '2015-04-05 13:53:38'),
(110, 'c82d27b7e5474b199cadf1e6faaf86d7', 'jBUeyPk2', 0, '', '', '', '', '', 0, '2015-04-05 14:24:18', '2015-04-05 14:24:18'),
(111, '78d4bea6f4534b54bb540e3632ff7875', 'pfuyeG1l', 0, '', '', '', '', '', 0, '2015-04-05 14:25:59', '2015-04-05 14:25:59'),
(112, 'fd03dc6258444e0582c1744e4d12a0d6', 'GXSbattY', 0, '', '', '', '', '', 0, '2015-04-05 14:32:27', '2015-04-05 14:32:27'),
(113, 'e6b430a7b7e74a08870cdbeec7d6dadf', '7J3YetHG', 0, '', '', '', '', '', 0, '2015-04-05 14:38:43', '2015-04-05 14:38:43'),
(114, '19af47024e52491d8e2eafa9e90d902b', 'C985z4TM', 0, '', '', '', '', '', 0, '2015-04-05 14:59:08', '2015-04-05 14:59:08'),
(115, '0d89d88d34304ea0bc27a7a5dd29a138', 'LL4IjdxH', 0, '', '', '', '', '', 0, '2015-04-05 18:50:12', '2015-04-05 18:50:12'),
(116, 'ae120b042f6b4f038bed171feb1f2f0c', 'GqDqez52', 0, '', '', '', '', '', 0, '2015-04-05 18:54:04', '2015-04-05 18:54:04'),
(117, 'e705e6e47f3547949658afa7c51159c3', 'vwW4T9NW', 0, '', '', '', '', '', 0, '2015-04-05 18:55:30', '2015-04-05 18:55:30'),
(118, '54706e61326b466a88a3f4d1cdbfc3d1', 'lLELgVzh', 0, '', '', '', '', '', 0, '2015-04-05 18:55:34', '2015-04-05 18:55:34'),
(119, 'df03db718201489ab91922d12625b70b', 'o3mTYjZm', 0, '', '', '', '', '', 0, '2015-04-05 18:57:14', '2015-04-05 18:57:14'),
(120, 'da507484fb934222a8ada2f9d837aa5f', '7AjFWhKG', 0, '', '', '', '', '', 0, '2015-04-26 12:58:40', '2015-04-26 12:58:40'),
(121, '42cab67503db49cd979257cde9b1fe9a', 'HnU2LERa', 0, '', '', '', '', '', 0, '2015-04-26 13:38:08', '2015-04-26 13:38:08'),
(122, 'a23830ba1b3945eaaf1b46eb8e439f95', 'BgNSfqZZ', 0, '', '', '', '', '', 0, '2015-05-03 15:21:26', '2015-05-03 15:21:26'),
(123, '3e091eed4eb6444887a1a5f8dcbd8f3f', 'okHk8rFK', 0, '', '', '', '', '', 0, '2015-05-04 13:58:29', '2015-05-04 13:58:29'),
(124, 'bf6a520145d849fd81e7c49e97b9061a', 'fPsTQkBu', 0, '', '', '', '', '', 0, '2015-05-09 17:31:44', '2015-05-09 17:31:44'),
(125, 'a5ab3f9830bb4154900e28e2a3966a34', 'Zirm1bZV', 0, '', '', '', '', '', 0, '2015-05-10 10:56:56', '2015-05-10 10:56:56'),
(126, '4bf7f305287442c5b842f580db30cd42', 'URbv9NRr', 0, '', '', '', '', '', 0, '2015-05-16 14:06:51', '2015-05-16 14:06:51'),
(127, 'eadbfd0393f445e288741a8e8e5ba5be', 'jijpUHu0', 0, '', '', '', '', '', 0, '2015-05-16 16:29:45', '2015-05-16 16:29:45'),
(128, 'c74370d0f51b4a2ca476baa2fee8dfac', 'uZCv5zwe', 0, '', '', '', '', '', 0, '2015-05-17 10:11:38', '2015-05-17 10:11:38'),
(129, '2e05c8043cf04f6b9a8027cd012e1da7', 'HxaDJ5vI', 0, '', '', '', '', '', 0, '2015-05-17 14:19:16', '2015-05-17 14:19:16'),
(130, 'ef66fd50eb3c444899f089e7c9eee8c0', 'kqtIFeAj', 0, '', '', '', '', '', 0, '2015-05-24 13:48:30', '2015-05-24 13:48:30'),
(131, 'abe5ed474b2d494582a0ae0e07386983', '53vgquCP', 0, '', '', '', '', '', 0, '2015-05-24 13:49:27', '2015-05-24 13:49:27'),
(132, '2ee568c57d954ab7af1909a06ce077be', 'YyEqmL8X', 0, '', '', '', '', '', 0, '2015-06-07 13:52:18', '2015-06-07 13:52:18'),
(133, '4183b717da1b4d1486cd1521d926ea46', 'aDJfTucG', 0, '', '', '', '', '', 0, '2015-06-07 19:00:40', '2015-06-07 19:00:40'),
(134, 'b90edd8f9dea493e99dbeb96f6f1fe38', 'QdlMRyRt', 0, '', '', '', '', '', 0, '2015-06-13 14:15:22', '2015-06-13 14:15:22'),
(135, 'dda2c08b9c414d24b9c2296427efb215', 'fg0RlEkh', 0, '', '', '', '', '', 0, '2015-06-20 15:27:38', '2015-06-20 15:27:38'),
(136, 'c3afaae2fb7640e096dfdc4d65e2bb7e', 'FohBuoLR', 0, '', '', '', '', '', 0, '2015-07-05 13:41:17', '2015-07-05 13:41:17'),
(137, 'e7b823138ec94cf79fba1e5d57b93c15', '14as1KyF', 0, '', '', '', '', '', 0, '2015-07-05 18:02:50', '2015-07-05 18:02:50'),
(138, 'c3dcdc99a7ca41aea4a3ad8967d7053b', 'owWkq4KR', 0, '', '', '', '', '', 0, '2015-07-05 18:03:47', '2015-07-05 18:03:47'),
(139, '9877032bab7b4313b2c34e67bebf9552', 'XboSRX2M', 0, '', '', '', '', '', 0, '2015-07-18 14:28:54', '2015-07-18 14:28:54'),
(140, 'd193e5679ba24f50a622aa2412afd23b', 'LJe3LGUk', 0, '', '', '', '', '', 0, '2015-10-10 17:06:39', '2015-10-10 17:06:39'),
(141, 'd724d9e530bc486886197c37586792bd', 'LDMgtygd', 0, '', '', '', '', '', 0, '2015-11-26 00:12:48', '2015-11-26 00:12:48'),
(142, '0f53356f3db1469f8b1f6b3f337e06de', 'PRuEbJE1', 0, '', '', '', '', '', 0, '2015-12-29 14:36:49', '2015-12-29 14:36:49'),
(143, '3966c06a655743b4b7028340201cf1a9', 'IIZ1sPUp', 0, '', '', '', '', '', 0, '2015-12-29 14:38:44', '2015-12-29 14:38:44');

-- --------------------------------------------------------

--
-- テーブルの構造 `user_options`
--

CREATE TABLE `user_options` (
  `id` bigint(20) NOT NULL,
  `user_id` bigint(20) NOT NULL,
  `name` varchar(100) NOT NULL,
  `description` text NOT NULL,
  `created` datetime DEFAULT NULL,
  `modified` datetime DEFAULT NULL
) ENGINE=InnoDB DEFAULT CHARSET=utf8;

-- --------------------------------------------------------

--
-- テーブルの構造 `videos`
--

CREATE TABLE `videos` (
  `id` bigint(20) NOT NULL,
  `name` varchar(100) NOT NULL,
  `code` varchar(100) NOT NULL,
  `description` text NOT NULL,
  `publish` datetime NOT NULL,
  `created` datetime DEFAULT NULL,
  `modified` datetime DEFAULT NULL
) ENGINE=InnoDB DEFAULT CHARSET=utf8;

--
-- テーブルのデータのダンプ `videos`
--

INSERT INTO `videos` (`id`, `name`, `code`, `description`, `publish`, `created`, `modified`) VALUES
(5, 'CGじゃないぞ！！　イチローのミラクルスロー！【ユンケルCM】', 'q2Xshs3niys', '', '2014-10-13 00:00:00', '2014-10-13 06:55:57', '2014-10-13 06:55:57'),
(6, 'ふんわり鏡月『夏・うなじ』篇 15秒 石原さとみ サントリー CM', '04I2zjYNQ5k', '', '2014-10-13 00:10:00', '2014-10-13 06:56:43', '2014-10-13 06:56:43'),
(7, 'Nike Football Presents: 激戦上等 - Ronaldo, Neymar Jr., Rooney, Ibrahimović, Iniesta & more', '9-zPIT3Q6lI', '', '2014-10-13 00:00:00', '2014-10-13 06:58:04', '2014-10-13 06:58:04'),
(8, '【博多美女ん】ひろな July_Tue18(HD)', 'Se_dndYpqXg', '', '2014-10-13 00:00:00', '2014-10-13 06:58:47', '2014-10-13 06:58:47'),
(9, 'キリン CM 香川真司 「応援する者」篇 Shinji Kagawa', 'z8VWg9GUBWc', '', '2014-10-13 00:00:00', '2014-10-13 07:00:01', '2014-10-13 07:00:01'),
(10, 'GUARDIANS OF THE GALAXY - Official \"Extended Look\" Trailer #3 (2014) [HD]', 'aHUBlv5_K8Y', '', '2014-10-13 00:00:00', '2014-10-13 07:02:33', '2014-10-13 07:02:33'),
(11, 'RHYMESTER　『The Choice Is Yours』', 'OmjJWUM8VcA', '', '2014-12-29 16:42:00', '2014-12-29 16:42:53', '2014-12-29 16:42:53'),
(12, '安室奈美恵 / 「BRIGHTER DAY」MUSIC VIDEO -short ver.-', 'Dtkxu1HF6rk', '', '2014-12-29 16:45:00', '2014-12-29 16:45:47', '2014-12-29 16:45:47'),
(13, 'RHYMESTER　『ONCE AGAIN』', '0JxL3zWIWtQ', '', '2014-12-29 16:46:00', '2014-12-29 16:46:38', '2014-12-29 16:46:38'),
(14, 'ベイビーレイズ　暦の上ではディセンバー　MF', 'nw_PrmYaEac', '', '2014-12-29 16:49:00', '2014-12-29 16:49:24', '2014-12-29 16:49:24'),
(16, '『龍が如く０　誓いの場所』最新PV', 'TExQ0_7JaHM', '', '2015-03-21 16:35:00', '2015-03-21 16:36:10', '2015-03-21 16:36:10'),
(17, 'レキシ - 年貢 for you feat. 旗本ひろし、足軽先生', 'OJqNoFi5lcE', '', '2015-05-04 14:39:00', '2015-05-04 14:39:46', '2015-05-04 14:39:46'),
(20, 'Criss Angel BeLIEve: Criss Rips Bodies Apart (On Spike)', 'i5gK2MxGR0M', '', '2015-05-10 11:19:00', '2015-05-10 11:19:25', '2015-05-10 11:19:25'),
(21, 'JungGi Kim Drawing show in Angoulême BD festival 2015', 'kKtGVJiOC2Q', '', '2015-06-07 16:37:00', '2015-06-07 16:38:06', '2015-06-07 16:38:06'),
(22, 'Can You Walk on Water? (Non-Newtonian Fluid Pool)', 'D-wxnID2q4A', '', '2015-06-07 16:38:00', '2015-06-07 16:38:55', '2015-06-07 16:38:55'),
(23, 'Jackie Chan chopsticks portrait by REDhongyi', 'z-N3nb4_zjU', '', '2015-06-07 16:39:00', '2015-06-07 16:41:21', '2015-06-07 16:41:21'),
(24, 'Drop\'s 「未来」Music Video', 'Qk1IBkgbl98', '', '2015-06-07 16:42:00', '2015-06-07 16:42:57', '2015-06-07 16:42:57'),
(25, 'the POWER of Words～『ことばの力』', 'DhcrP1T9Um0', '', '2015-06-07 16:43:00', '2015-06-07 16:44:19', '2015-06-07 16:44:19'),
(26, 'The Web We Want: An Open Letter', 'Xm5i5kbIXzc', '', '2015-06-07 16:45:00', '2015-06-07 16:45:15', '2015-06-07 16:45:15'),
(27, 'Out of Sight (敲敲)', '4qCbiCxBd2M', '', '2015-06-07 16:45:00', '2015-06-07 16:46:01', '2015-06-07 16:46:01'),
(28, 'Kankudai by Mahiro(7-year-old girl)', 'DZlUgkTGeAQ', '', '2015-06-07 16:46:00', '2015-06-07 16:46:56', '2015-06-07 16:46:56'),
(29, 'Going to School', 'kP7w1XYqq0M', '', '2015-06-07 16:47:00', '2015-06-07 16:47:46', '2015-06-07 16:47:46'),
(30, 'Zoochosis: Escalator', '_xf3ELqb6kc', '', '2015-06-07 16:48:00', '2015-06-07 16:48:38', '2015-06-07 16:48:38'),
(31, 'Lily\'s Disneyland Surprise!', 'OOpOhlGiRTM', '', '2015-06-07 16:56:00', '2015-06-07 16:56:56', '2015-06-07 16:56:56'),
(32, 'Holland\'s Got Talent 2013 - Amira Willighagen (9)', 'VBMfgLvRZJs', '', '2015-06-07 16:57:00', '2015-06-07 16:58:01', '2015-06-07 16:58:01'),
(33, 'I Forgot My Phone', 'OINa46HeWg8', '', '2015-06-07 16:58:00', '2015-06-07 16:58:39', '2015-06-07 16:58:39'),
(35, 'CMドラマ　ついに1年越しで彼女がOK編　完全版', 'uHR216Ro1j4', '', '2015-06-07 16:59:00', '2015-06-07 17:00:09', '2015-06-07 17:00:09'),
(36, '#ViolenceIsViolence: Domestic abuse advert Mankind', 'u3PgH86OyEM', '', '2015-06-07 17:00:00', '2015-06-07 17:00:45', '2015-06-07 17:00:45'),
(37, 'Nico\'s Story', '10GD9inHQbI', '', '2015-06-07 17:01:00', '2015-06-07 17:01:27', '2015-06-07 17:01:27'),
(38, '4 Year Olds Bucket List - Water is Life', 'XYf82F3CHYo', '', '2015-06-07 17:01:00', '2015-06-07 17:02:04', '2015-06-07 17:02:04'),
(39, 'Cutest Karate Kids Taekwondo Fight Ever - Martial Artist Battle', '4kPophWJKhk', '', '2015-06-07 17:02:00', '2015-06-07 17:02:44', '2015-06-07 17:02:44'),
(40, 'Broccoli Samurai - Mario Kart Fun', 'vBUULD_L0Uo', '', '2015-06-07 17:03:00', '2015-06-07 17:03:20', '2015-06-07 17:03:20'),
(41, 'Microsoft: Productivity Future Vision', 'w-tFdreZB94', '', '2015-06-07 17:03:00', '2015-06-07 17:03:53', '2015-06-07 17:03:53'),
(42, 'A week in the life of a Tokyo salary man【字幕付き】', 'po8IPh64rVM', '', '2015-06-07 17:05:00', '2015-06-07 17:05:33', '2015-06-07 17:05:33'),
(43, 'Riding the White Line', 'GzhlDnTv0pc', '', '2015-06-07 17:05:00', '2015-06-07 17:06:09', '2015-06-07 17:06:09'),
(44, 'Japanese Flip Books', '1e1GKG-Gmjk', '', '2015-06-07 17:06:00', '2015-06-07 17:06:42', '2015-06-07 17:06:42'),
(45, '毛皮反対プロジェクト', '99yWAjKcLdM', '', '2015-06-07 17:06:00', '2015-06-07 17:07:14', '2015-06-07 17:07:14'),
(46, 'The New Tube for London', 'Z3Q0FZUKHkY', '', '2015-06-07 17:07:00', '2015-06-07 17:07:41', '2015-06-07 17:07:41'),
(47, 'Samurai Girl ~ One Girl\'s Story of becoming a Samurai（サムライガール〜相馬野馬追）', 'rLpDpP3S38k', '', '2015-06-07 17:08:00', '2015-06-07 17:08:35', '2015-06-07 17:08:35'),
(48, 'Green Lake, Austria', 'Qkgc1ljb144', '', '2015-06-07 17:08:00', '2015-06-07 17:09:09', '2015-06-07 17:09:09'),
(49, '映画『フルスロットル』ゼロG＝無重力のパルクール映像 feat.ZEN', 'F8L3rPZefBc', '', '2015-06-07 17:09:00', '2015-06-07 17:09:40', '2015-06-07 17:09:40'),
(50, 'Brunettes Shoot Blondes - Knock Knock (Official Video) - Music on 14 Apple Screens', 'RC_0NzJ2mWA', '', '2015-06-07 17:09:00', '2015-06-07 17:10:11', '2015-06-09 22:57:28'),
(51, 'Most Epic Nerf War in History!', 'bKG2WAkgyyU', '', '2015-06-07 17:10:00', '2015-06-07 17:10:44', '2015-06-07 17:10:44'),
(52, 'AMAZING STREET HACK', '1hpU_Neg1KA', '', '2015-06-07 17:11:00', '2015-06-07 17:11:17', '2015-06-07 17:11:17'),
(53, 'LOVE JAPAN', 'MbXugf-02_o', '', '2015-06-07 17:11:00', '2015-06-07 17:11:46', '2015-06-07 17:11:46'),
(54, 'Apple - Holiday - TV Ad - Misunderstood', 'nhwhnEe7CjE', '', '2015-06-07 17:12:00', '2015-06-07 17:12:24', '2015-06-07 17:12:24'),
(55, 'Navdy: Feels Like Driving In The Future', 'pKL4PJICS40', '', '2015-06-07 17:12:00', '2015-06-07 17:13:07', '2015-06-07 17:13:07'),
(56, 'The Best Mentawai Islands Surf Video from my drone, Phyllis. June 2014, by Paul Borrud', 'kLg5t6xhFP4', '', '2015-06-07 17:13:00', '2015-06-07 17:13:38', '2015-06-07 17:13:38'),
(57, 'The world-changing sensor we saw at CES', '4VtXvj4X0CE', '', '2015-06-07 17:13:00', '2015-06-07 17:14:26', '2015-06-07 17:14:26'),
(58, 'THE FOUR PLAYERS: The Fixer', 'jBRVSdwpjzo', '', '2015-06-07 17:14:00', '2015-06-07 17:15:04', '2015-06-07 17:15:04'),
(59, 'MAN', 'WfGMYdalClU', '', '2015-06-07 17:15:00', '2015-06-07 17:15:37', '2015-06-07 17:15:37'),
(60, 'GoPro: Backflip Over 72ft Canyon - Kelly McGarry Red Bull Rampage 2013', 'x76VEPXYaI0', '', '2015-06-07 17:15:00', '2015-06-07 17:16:14', '2015-06-07 17:16:14'),
(61, 'Emma Watson Unmasks', 'vfIHsurwTMo', '', '2015-06-07 17:16:00', '2015-06-07 17:17:00', '2015-06-07 17:17:00'),
(62, 'Brushy One String - Chicken in The Corn (Official Video)', 'E8H-67ILaqc', '', '2015-06-07 17:17:00', '2015-06-07 17:17:30', '2015-06-09 22:56:50'),
(63, 'Around the World in 360° Degrees - 3 Year Epic Selfie', 'VTlXttQL_Yk', '', '2015-06-07 17:17:00', '2015-06-07 17:17:59', '2015-06-07 17:17:59'),
(64, 'How to Open a Beer with Paper - CHOW Tip', '00DWLkVLbd4', '', '2015-06-07 17:18:00', '2015-06-07 17:18:32', '2015-06-07 17:18:32'),
(65, 'iPhone (MetroGnome Remix)', 'M3h00M9dcj4', '', '2015-06-07 17:18:00', '2015-06-07 17:19:05', '2015-06-07 17:19:05'),
(66, 'Jリーグ×キャプテン翼 ＃３　ツインシュート　Captain Tsubasa super shot', 'V2LzbxRzkdA', '', '2015-06-07 17:19:00', '2015-06-07 17:19:46', '2015-06-07 17:19:46'),
(67, 'One Camper\'s Incredible Encounter With an Alaskan Brown Bear', '0cfBVCNGMAg', '', '2015-06-07 17:20:00', '2015-06-07 17:20:35', '2015-06-07 17:20:35'),
(68, 'OK Go - I Won\'t Let You Down - Official Video', 'u1ZB_rGFyeU', '', '2015-06-07 17:20:00', '2015-06-07 17:21:03', '2015-06-07 17:21:03'),
(69, 'Marten Horák - Reality?', 'YSqmY6r1X8M', '', '2015-06-07 17:21:00', '2015-06-07 17:21:33', '2015-06-07 17:21:33'),
(70, 'The Unbelievable Game - Pepsi Max. Unbelievable #LiveForNow', 'jkUcFF4VmO4', '', '2015-06-07 17:21:00', '2015-06-07 17:22:12', '2015-06-07 17:22:12'),
(71, 'Go Freebord!', 'XMj8YTeVtbk', '', '2015-06-07 17:22:00', '2015-06-07 17:22:43', '2015-06-07 17:22:43'),
(72, 'A Second a Day from Birth.', 'ZtgzTr8iopk', '', '2015-06-07 17:23:00', '2015-06-07 17:23:19', '2015-06-07 17:23:19'),
(73, 'Driscoll Middle School Trick Play', '0UIdI8khMkw', '', '2015-06-07 17:23:00', '2015-06-07 17:23:53', '2015-06-07 17:23:53'),
(74, 'معقوله المقطع ده هيخليك تضحك من غير ما تحس !! وتحدي', 'NZqUvFkBj9g', '', '2015-06-07 17:24:00', '2015-06-07 17:24:19', '2015-06-07 17:24:19'),
(75, 'Meet South Africa (New South African Tourism brand video)', 'zv1MU_Nh8ck', '', '2015-06-07 17:24:00', '2015-06-07 17:24:44', '2015-06-07 17:24:44'),
(76, 'This Poor Family Gets Shot with 3,192 Paintballs in 5.3 Seconds to Prove a Powerful Point -VidAngel', 'B7t85SESTXI', '', '2015-06-07 17:25:00', '2015-06-07 17:25:13', '2015-06-07 17:25:13'),
(77, 'Coca-Cola Friendly Twist', 't9cmoT_wb0A', '', '2015-06-07 17:25:00', '2015-06-07 17:25:38', '2015-06-07 17:25:38'),
(78, 'ドコモ地図ナビ「3D地図」サービス紹介', 'FHM0EYEf-b8', '', '2015-06-07 17:25:00', '2015-06-07 17:26:14', '2015-06-07 17:26:14'),
(79, 'Wood spiny lobster', 'nD53blQl1no', '', '2015-06-07 17:26:00', '2015-06-07 17:26:36', '2015-06-07 17:26:36'),
(80, 'dtac \"the power of love\" TVC (Official HD): โฆษณาดีแทค', 'PmCDxY2lJAE', '', '2015-06-07 17:26:00', '2015-06-07 17:27:18', '2015-06-09 22:55:55'),
(81, 'World Vision - Blanket | YouTube Commercial', 'vMVYv8lsXqI', '', '2015-06-07 17:28:00', '2015-06-07 17:28:15', '2015-06-07 17:28:15'),
(82, 'もしもあなたがあと5分しか生きられなかったら（日本語字幕）', '5dZuRWM9CKE', '', '2015-06-07 17:28:00', '2015-06-07 17:28:57', '2015-06-07 17:28:57'),
(83, 'Liseberg - The fun queue (case)', 'C61pT-hEJXM', '', '2015-06-07 17:29:00', '2015-06-07 17:29:29', '2015-06-07 17:29:29'),
(84, 'Merrell virtual hike', 'efd6WhPmTyU', '', '2015-06-07 17:29:00', '2015-06-07 17:30:12', '2015-06-07 17:30:12'),
(85, 'CLAIMS YOUR TERRITORY. The new BMW X5 M and BMW X6 M.', '8QJigHtz40E', '', '2015-06-07 17:30:00', '2015-06-07 17:30:35', '2015-06-07 17:30:35'),
(86, 'Volvo Trucks - The Epic Split feat. Van Damme (Live Test 6)', 'M7FIvfx5J10', '', '2015-06-07 17:30:00', '2015-06-07 17:30:57', '2015-06-07 17:30:57'),
(87, 'ムヒカ大統領の衝撃的なスピーチ【世界で最も貧乏な大統領】', 'Q7aJcf_Lexs', '', '2015-06-07 17:31:00', '2015-06-07 17:31:29', '2015-06-07 17:31:29'),
(88, 'Pixel extraits', 'B2OL_RxJKlQ', '', '2015-06-07 17:31:00', '2015-06-07 17:31:50', '2015-06-07 17:31:50'),
(89, 'アイサイトでの事故回避例', '8Hp0H-auFXk', '', '2015-06-07 17:32:00', '2015-06-07 17:32:13', '2015-06-07 17:32:13'),
(90, '映画『インターステラー』スペシャル映像【HD】2014年11月22日公開', 'qZZ9jRan9eo', '', '2015-06-07 17:32:00', '2015-06-07 17:32:46', '2015-06-07 17:32:46'),
(91, '映画『マッドマックス 怒りのデス・ロード』予告1【HD】2015年6月20日公開', 'YXhJGkZzS-4', '', '2015-06-07 17:33:00', '2015-06-07 17:33:09', '2015-06-07 17:33:09'),
(92, 'ゲーム『バットマン：アーカム・ナイト』2015.7.2発売決定告知トレーラー', '7XTdjmBjkNw', '', '2015-06-07 17:33:00', '2015-06-07 17:33:39', '2015-06-07 17:33:39'),
(93, 'Kinect-Powered Cube Unveiled at Decibel Festival', '1jzHcXZFJMw', '', '2015-06-07 17:33:00', '2015-06-07 17:34:07', '2015-06-07 17:34:07'),
(94, 'Mr.Knocky ミスターノッキー', 'DcYUfO-5_Dc', '', '2015-06-07 17:34:00', '2015-06-07 17:34:46', '2015-06-07 17:34:46'),
(95, 'Nike Football: Winner Stays. ft. Ronaldo, Neymar Jr., Rooney, Ibrahimović, Iniesta & more', '3XviR7esUvo', '', '2015-06-07 17:34:00', '2015-06-07 17:35:11', '2015-06-07 17:35:11'),
(96, '「進撃の巨人」予告', '2X0i4gnbBOA', '', '2015-06-07 17:35:00', '2015-06-07 17:35:45', '2015-06-07 17:35:45'),
(97, 'GoPro Footage From U.S. EVA #30', '26QWMMT1c8Y', '', '2015-06-07 17:35:00', '2015-06-07 17:36:11', '2015-06-07 17:36:11'),
(98, 'Traffic in Frenetic HCMC, Vietnam', '08OpjYn1BlY', '', '2015-06-07 17:36:00', '2015-06-07 17:37:07', '2015-06-07 17:37:07'),
(99, '「バケモノの子」予告', 'BTOWVxi2KC8', '', '2015-06-07 17:37:00', '2015-06-07 17:37:33', '2015-06-07 17:37:33'),
(100, 'Watch a US Navy aircraft carrier launch all its F-18 fighter jets', 'c0vKjewofLU', '', '2015-06-07 17:37:00', '2015-06-07 17:38:11', '2015-06-07 17:38:11'),
(101, 'Amazing Drone Footage of Nubian Pyramids', 'O7tAuPi_azU', '', '2015-06-07 17:38:00', '2015-06-07 17:38:39', '2015-06-07 17:38:39'),
(102, 'Hoverboard in Real Life! In 4K!', 'gMaDhkNJA2g', '', '2015-06-07 17:46:00', '2015-06-07 17:39:05', '2015-12-29 17:45:40'),
(103, '[HD]ベッカム、ファウルで横たわる選手にボールをキック、大絶賛される', 'wmyPmQSjA0c', '', '2015-06-07 17:39:00', '2015-06-07 17:39:35', '2015-06-07 17:39:35'),
(104, 'ダヴ　フランスのCM　シャンプーの効果でロン毛男性が女性に見えちゃう！？', 'gOnBUHqaic4', '', '2015-06-07 17:39:00', '2015-06-07 17:40:04', '2015-06-07 17:40:04'),
(105, '【美技】美しすぎるイチロースーパープレイ集', 'Le2VLDFBIs0', '', '2015-06-07 17:40:00', '2015-06-07 17:40:35', '2015-06-07 17:40:35'),
(106, '【トップ10】フェデラーの天才的フェイクショット', 'ZN5NOr_JI5w', '', '2015-06-07 17:40:00', '2015-06-07 17:41:02', '2015-06-07 17:41:02'),
(107, 'The Tale of The Princess Kaguya Official US Release Trailer #1 (2014) - Studio Ghibli Film HD', 'tM6hcHp0_kU', '', '2015-06-07 17:41:00', '2015-06-07 17:41:24', '2015-06-07 17:41:24'),
(108, 'ペルソナ５　PV#01', 'oc_9r4wifFc', '', '2015-06-07 17:41:00', '2015-06-07 17:41:50', '2015-06-07 17:41:50'),
(109, 'Miyavi Performs \'Let Go\'', '1vHQnZvFOEc', '', '2015-06-07 17:42:00', '2015-06-07 17:42:35', '2015-06-09 22:55:18'),
(110, 'MIYAVI - The Others', 'PCco_YBsU3w', '', '2015-06-07 17:42:00', '2015-06-07 17:42:59', '2015-06-07 17:42:59'),
(111, 'Daft Punk Get Lucky The Grammy 2014', 'RSaTCcb2eXI', '', '2015-06-07 17:43:00', '2015-06-07 17:43:23', '2015-06-07 17:43:23'),
(112, 'AC Milan vs. Super Car by TOYO TIRES', 'M092PBHytC8', '', '2015-06-07 17:46:00', '2015-06-07 17:43:43', '2015-12-29 17:44:43'),
(113, 'The talking window', 'azwL5eoE5aI', '', '2015-06-07 17:43:00', '2015-06-07 17:44:16', '2015-06-07 17:44:16'),
(115, 'DICK\'S Sporting Goods Baseball Commercial - Every Pitch', 'wpbU8vlGlzk', '', '2015-06-07 17:45:00', '2015-06-07 17:45:13', '2015-06-07 17:45:13'),
(116, 'Honda \"Hands\"', 'Dxy4n0UT82o', '', '2015-06-07 17:45:00', '2015-06-07 17:45:34', '2015-06-07 17:45:34'),
(120, 'Guilty dog apologizes baby for stealing her toy:it is never too late for apologize for friends', 'eV8k2cpAptU', '', '2015-12-29 17:16:00', '2015-12-29 17:16:38', '2015-12-29 17:16:38'),
(121, 'Most Shocking Second a Day Video', 'RBQ-IoHfimQ', '', '2015-12-29 17:16:00', '2015-12-29 17:16:54', '2015-12-29 17:16:54'),
(122, '忍者女子高生 | 制服で大回転 | japanese school girl chase #ninja', 'qHFr1_md3Ok', '', '2015-12-29 17:30:00', '2015-12-29 17:17:06', '2015-12-29 17:43:56'),
(123, '福岡・西中洲「和田門」のレモンステーキがジュージュー！', '0WMua2zOuxg', '福岡・西中洲「和田門」のレモンステーキがジュージュー！', '2019-02-04 22:45:40', '2019-02-04 22:45:40', NULL),
(125, '元祖博多めんたい重', 'CT4Fi2KLhdk', '西中洲大通り「めんたい重」', '2019-02-07 19:30:18', '2019-02-07 19:30:18', NULL),
(126, '福岡 もつ鍋「梟 ふくろう」', 'W7RK-f09g-I', '福岡県博多で人気の もつ鍋屋、梟さん。https://jiyuzine.com/trip/post_941/', '2019-02-07 19:31:52', '2019-02-07 19:31:52', NULL),
(127, 'お通しが人気！ 福岡・春吉「食堂 えぶりお」の目と舌で満足する創作和食', 'yPWSDAMssWo', 'いいよ', '2019-02-07 19:32:46', '2019-02-07 19:32:46', NULL),
(128, 'たべごころ　食人ごころ　『レストラン アレナ』', 'PtQwMD_jmK4', 'たべごころ　毎週土曜日ごご5時放送\r\n\r\nhttp://rkb.jp/tabegocoro/\r\n\r\n (2018年4月21日ＯＡ)\r\nレストラン アレナ\r\nお問い合わせ\r\n住　所：福岡市中央区西中洲１０−３NB.L.D１階', '2019-02-07 19:34:19', '2019-02-07 19:34:19', NULL),
(129, '九州のうまいものに乾杯！福岡篇', 'YkoTzj3GJss', '美食の街・福岡の名店を舞台に、店主自慢の「うまいもの」をご紹介する、霧島酒造 芋麹焼酎「吉助」ＴＶＣＭシリーズ。', '2019-02-07 19:35:41', '2019-02-07 19:35:41', NULL),
(130, '寿司　福岡・西中洲　河庄本店', '1D4GcQWt-qY', '福岡・西中洲の「河庄本店」です。王貞治ソフトバンクホークス会長の行きつけのお寿司屋さんとして紹介されますが、老舗の名店であり高級寿司割烹のお店です。', '2019-02-07 19:36:44', '2019-02-07 19:36:44', NULL),
(131, '炭火焼鶏　黒船　西中洲店', 'bExkgkInvQI', '住／福岡市中央区西中洲11‐5　セブンイレブン2Ｆ\r\n電話／092-718‐0860\r\n営／17:00～24:00（ＬＯ23:30）\r\n休／無休\r\nキャパ／140席（最大宴会人数80名）\r\n※天神店もあります。お気軽にお問い合わせ下さい。\r\n092-737-0833\r\n福岡市中央区天神2-6-27　天神東宝2Ｆ', '2019-02-07 19:38:24', '2019-02-07 19:38:24', NULL),
(132, '藤よし　西中洲', 'yFeAorjQs1Y', '西中洲の藤よし', '2019-02-07 19:39:42', '2019-02-07 19:39:42', NULL),
(133, '博多ほたる 西中洲本店 OPEN告知', 'qZlFyAkkOqY', '博多ほたる 西中洲', '2019-02-07 19:40:41', '2019-02-07 19:40:41', NULL),
(134, '福岡・西中洲「和田門」のレモンステーキがジュージュー！', '0WMua2zOuxg', '美味しい', '2019-02-07 22:24:11', '2019-02-07 22:24:11', NULL);

--
-- Indexes for dumped tables
--

--
-- Indexes for table `bookmarks`
--
ALTER TABLE `bookmarks`
  ADD PRIMARY KEY (`id`);

--
-- Indexes for table `bookmark_items`
--
ALTER TABLE `bookmark_items`
  ADD PRIMARY KEY (`id`);

--
-- Indexes for table `followers`
--
ALTER TABLE `followers`
  ADD PRIMARY KEY (`id`);

--
-- Indexes for table `gs_bm_table`
--
ALTER TABLE `gs_bm_table`
  ADD PRIMARY KEY (`id`);

--
-- Indexes for table `items`
--
ALTER TABLE `items`
  ADD PRIMARY KEY (`id`);

--
-- Indexes for table `keywords`
--
ALTER TABLE `keywords`
  ADD PRIMARY KEY (`id`);

--
-- Indexes for table `members`
--
ALTER TABLE `members`
  ADD PRIMARY KEY (`id`);

--
-- Indexes for table `movins`
--
ALTER TABLE `movins`
  ADD PRIMARY KEY (`id`);

--
-- Indexes for table `php02_table`
--
ALTER TABLE `php02_table`
  ADD PRIMARY KEY (`id`);

--
-- Indexes for table `posts`
--
ALTER TABLE `posts`
  ADD PRIMARY KEY (`id`);

--
-- Indexes for table `shares`
--
ALTER TABLE `shares`
  ADD PRIMARY KEY (`id`);

--
-- Indexes for table `stores`
--
ALTER TABLE `stores`
  ADD PRIMARY KEY (`id`);

--
-- Indexes for table `users`
--
ALTER TABLE `users`
  ADD PRIMARY KEY (`id`),
  ADD UNIQUE KEY `identifier` (`movinid`);

--
-- Indexes for table `user_options`
--
ALTER TABLE `user_options`
  ADD PRIMARY KEY (`id`);

--
-- Indexes for table `videos`
--
ALTER TABLE `videos`
  ADD PRIMARY KEY (`id`);

--
-- AUTO_INCREMENT for dumped tables
--

--
-- AUTO_INCREMENT for table `bookmarks`
--
ALTER TABLE `bookmarks`
  MODIFY `id` int(11) NOT NULL AUTO_INCREMENT, AUTO_INCREMENT=13;

--
-- AUTO_INCREMENT for table `bookmark_items`
--
ALTER TABLE `bookmark_items`
  MODIFY `id` int(11) NOT NULL AUTO_INCREMENT;

--
-- AUTO_INCREMENT for table `followers`
--
ALTER TABLE `followers`
  MODIFY `id` int(11) NOT NULL AUTO_INCREMENT;

--
-- AUTO_INCREMENT for table `gs_bm_table`
--
ALTER TABLE `gs_bm_table`
  MODIFY `id` int(12) NOT NULL AUTO_INCREMENT, AUTO_INCREMENT=5;

--
-- AUTO_INCREMENT for table `items`
--
ALTER TABLE `items`
  MODIFY `id` int(11) NOT NULL AUTO_INCREMENT;

--
-- AUTO_INCREMENT for table `keywords`
--
ALTER TABLE `keywords`
  MODIFY `id` int(11) NOT NULL AUTO_INCREMENT, AUTO_INCREMENT=406;

--
-- AUTO_INCREMENT for table `members`
--
ALTER TABLE `members`
  MODIFY `id` int(11) NOT NULL AUTO_INCREMENT, AUTO_INCREMENT=2;

--
-- AUTO_INCREMENT for table `movins`
--
ALTER TABLE `movins`
  MODIFY `id` int(11) NOT NULL AUTO_INCREMENT;

--
-- AUTO_INCREMENT for table `php02_table`
--
ALTER TABLE `php02_table`
  MODIFY `id` int(12) NOT NULL AUTO_INCREMENT, AUTO_INCREMENT=16;

--
-- AUTO_INCREMENT for table `posts`
--
ALTER TABLE `posts`
  MODIFY `id` int(11) NOT NULL AUTO_INCREMENT, AUTO_INCREMENT=2;

--
-- AUTO_INCREMENT for table `shares`
--
ALTER TABLE `shares`
  MODIFY `id` int(11) NOT NULL AUTO_INCREMENT;

--
-- AUTO_INCREMENT for table `stores`
--
ALTER TABLE `stores`
  MODIFY `id` int(11) NOT NULL AUTO_INCREMENT;

--
-- AUTO_INCREMENT for table `users`
--
ALTER TABLE `users`
  MODIFY `id` bigint(20) NOT NULL AUTO_INCREMENT, AUTO_INCREMENT=144;

--
-- AUTO_INCREMENT for table `user_options`
--
ALTER TABLE `user_options`
  MODIFY `id` bigint(20) NOT NULL AUTO_INCREMENT;

--
-- AUTO_INCREMENT for table `videos`
--
ALTER TABLE `videos`
  MODIFY `id` bigint(20) NOT NULL AUTO_INCREMENT, AUTO_INCREMENT=135;

/*!40101 SET CHARACTER_SET_CLIENT=@OLD_CHARACTER_SET_CLIENT */;
/*!40101 SET CHARACTER_SET_RESULTS=@OLD_CHARACTER_SET_RESULTS */;
/*!40101 SET COLLATION_CONNECTION=@OLD_COLLATION_CONNECTION */;
